add_on_rule_id,client_id,created_at,id,updated_at
6,40,2024-02-09 09:56:34,22,2024-02-09 09:56:34
6,2,2024-02-09 09:56:34,23,2024-02-09 09:56:34
6,14,2024-02-09 09:56:34,24,2024-02-09 09:56:34
6,13,2024-02-09 09:56:34,25,2024-02-09 09:56:34
6,53,2024-02-09 09:56:34,26,2024-02-09 09:56:34
6,64,2024-02-09 09:56:34,27,2024-02-09 09:56:34
6,11,2024-02-09 09:56:34,28,2024-02-09 09:56:34
6,73,2024-02-09 09:56:34,29,2024-02-09 09:56:34
6,62,2024-02-09 09:56:34,30,2024-02-09 09:56:34
6,35,2024-02-09 09:56:34,31,2024-02-09 09:56:34
6,71,2024-02-09 09:56:34,32,2024-02-09 09:56:34
6,43,2024-02-09 09:56:34,33,2024-02-09 09:56:34
6,27,2024-02-09 09:56:34,34,2024-02-09 09:56:34
6,79,2024-02-09 09:56:34,35,2024-02-09 09:56:34
6,51,2024-02-09 09:56:34,36,2024-02-09 09:56:34
6,32,2024-02-09 09:56:34,37,2024-02-09 09:56:34
6,7,2024-02-09 09:56:34,38,2024-02-09 09:56:34
6,55,2024-02-09 09:56:34,39,2024-02-09 09:56:34
6,80,2024-02-09 09:56:34,40,2024-02-09 09:56:34
6,65,2024-02-09 09:56:34,41,2024-02-09 09:56:34
6,57,2024-02-09 09:56:34,42,2024-02-09 09:56:34
6,54,2024-02-09 09:56:34,43,2024-02-09 09:56:34
6,76,2024-02-09 09:56:34,44,2024-02-09 09:56:34
6,68,2024-02-09 09:56:34,45,2024-02-09 09:56:34
6,25,2024-02-09 09:56:34,46,2024-02-09 09:56:34
6,24,2024-02-09 09:56:34,47,2024-02-09 09:56:34
6,66,2024-02-09 09:56:34,48,2024-02-09 09:56:34
6,18,2024-02-09 09:56:34,49,2024-02-09 09:56:34
6,78,2024-02-09 09:56:34,50,2024-02-09 09:56:34
6,34,2024-02-09 09:56:34,51,2024-02-09 09:56:34
6,20,2024-02-09 09:56:34,52,2024-02-09 09:56:34
6,61,2024-02-09 09:56:34,53,2024-02-09 09:56:34
6,21,2024-02-09 09:56:34,54,2024-02-09 09:56:34
6,49,2024-02-09 09:56:34,55,2024-02-09 09:56:34
6,50,2024-02-09 09:56:34,56,2024-02-09 09:56:34
6,41,2024-02-09 09:56:34,57,2024-02-09 09:56:34
6,38,2024-02-09 09:56:34,58,2024-02-09 09:56:34
6,75,2024-02-09 09:56:34,59,2024-02-09 09:56:34
6,70,2024-02-09 09:56:34,60,2024-02-09 09:56:34
6,36,2024-02-09 09:56:34,61,2024-02-09 09:56:34
6,1,2024-02-09 09:56:34,62,2024-02-09 09:56:34
6,72,2024-02-09 09:56:34,63,2024-02-09 09:56:34
6,6,2024-02-09 09:56:34,64,2024-02-09 09:56:34
6,10,2024-02-09 09:56:34,65,2024-02-09 09:56:34
6,44,2024-02-09 09:56:34,66,2024-02-09 09:56:34
6,74,2024-02-09 09:56:34,67,2024-02-09 09:56:34
6,8,2024-02-09 09:56:34,68,2024-02-09 09:56:34
6,12,2024-02-09 09:56:34,69,2024-02-09 09:56:34
6,81,2024-02-09 09:56:34,70,2024-02-09 09:56:34
6,69,2024-02-09 09:56:34,71,2024-02-09 09:56:34
6,15,2024-02-09 09:56:34,72,2024-02-09 09:56:34
6,46,2024-02-09 09:56:34,73,2024-02-09 09:56:34
6,77,2024-02-09 09:56:34,74,2024-02-09 09:56:34
6,37,2024-02-09 09:56:34,75,2024-02-09 09:56:34
6,23,2024-02-09 09:56:34,76,2024-02-09 09:56:34
6,33,2024-02-09 09:56:34,77,2024-02-09 09:56:34
6,29,2024-02-09 09:56:34,78,2024-02-09 09:56:34
6,42,2024-02-09 09:56:34,79,2024-02-09 09:56:34
6,47,2024-02-09 09:56:34,80,2024-02-09 09:56:34
6,4,2024-02-09 09:56:34,81,2024-02-09 09:56:34
6,31,2024-02-09 09:56:34,82,2024-02-09 09:56:34
6,60,2024-02-09 09:56:34,83,2024-02-09 09:56:34
6,52,2024-02-09 09:56:34,84,2024-02-09 09:56:34
7,40,2024-09-08 14:30:57,337,2024-09-08 14:30:57
7,2,2024-09-08 14:30:57,338,2024-09-08 14:30:57
7,14,2024-09-08 14:30:57,339,2024-09-08 14:30:57
7,13,2024-09-08 14:30:58,340,2024-09-08 14:30:58
7,53,2024-09-08 14:30:58,341,2024-09-08 14:30:58
7,64,2024-09-08 14:30:58,342,2024-09-08 14:30:58
7,11,2024-09-08 14:30:58,343,2024-09-08 14:30:58
7,73,2024-09-08 14:30:58,344,2024-09-08 14:30:58
7,62,2024-09-08 14:30:58,345,2024-09-08 14:30:58
7,35,2024-09-08 14:30:58,346,2024-09-08 14:30:58
7,71,2024-09-08 14:30:58,347,2024-09-08 14:30:58
7,43,2024-09-08 14:30:58,348,2024-09-08 14:30:58
7,27,2024-09-08 14:30:58,349,2024-09-08 14:30:58
7,79,2024-09-08 14:30:58,350,2024-09-08 14:30:58
7,51,2024-09-08 14:30:58,351,2024-09-08 14:30:58
7,32,2024-09-08 14:30:58,352,2024-09-08 14:30:58
7,7,2024-09-08 14:30:58,353,2024-09-08 14:30:58
7,55,2024-09-08 14:30:58,354,2024-09-08 14:30:58
7,80,2024-09-08 14:30:58,355,2024-09-08 14:30:58
7,65,2024-09-08 14:30:58,356,2024-09-08 14:30:58
7,57,2024-09-08 14:30:58,357,2024-09-08 14:30:58
7,54,2024-09-08 14:30:58,358,2024-09-08 14:30:58
7,76,2024-09-08 14:30:58,359,2024-09-08 14:30:58
7,68,2024-09-08 14:30:58,360,2024-09-08 14:30:58
7,25,2024-09-08 14:30:58,361,2024-09-08 14:30:58
7,24,2024-09-08 14:30:58,362,2024-09-08 14:30:58
7,66,2024-09-08 14:30:58,363,2024-09-08 14:30:58
7,18,2024-09-08 14:30:58,364,2024-09-08 14:30:58
7,78,2024-09-08 14:30:58,365,2024-09-08 14:30:58
7,34,2024-09-08 14:30:58,366,2024-09-08 14:30:58
7,20,2024-09-08 14:30:58,367,2024-09-08 14:30:58
7,61,2024-09-08 14:30:58,368,2024-09-08 14:30:58
7,21,2024-09-08 14:30:58,369,2024-09-08 14:30:58
7,49,2024-09-08 14:30:58,370,2024-09-08 14:30:58
7,50,2024-09-08 14:30:58,371,2024-09-08 14:30:58
7,41,2024-09-08 14:30:58,372,2024-09-08 14:30:58
7,38,2024-09-08 14:30:58,373,2024-09-08 14:30:58
7,75,2024-09-08 14:30:58,374,2024-09-08 14:30:58
7,70,2024-09-08 14:30:58,375,2024-09-08 14:30:58
7,36,2024-09-08 14:30:58,376,2024-09-08 14:30:58
7,1,2024-09-08 14:30:58,377,2024-09-08 14:30:58
7,72,2024-09-08 14:30:58,378,2024-09-08 14:30:58
7,6,2024-09-08 14:30:58,379,2024-09-08 14:30:58
7,10,2024-09-08 14:30:58,380,2024-09-08 14:30:58
7,44,2024-09-08 14:30:58,381,2024-09-08 14:30:58
7,74,2024-09-08 14:30:58,382,2024-09-08 14:30:58
7,8,2024-09-08 14:30:58,383,2024-09-08 14:30:58
7,37,2024-09-08 14:30:58,384,2024-09-08 14:30:58
7,12,2024-09-08 14:30:58,385,2024-09-08 14:30:58
7,81,2024-09-08 14:30:58,386,2024-09-08 14:30:58
7,69,2024-09-08 14:30:58,387,2024-09-08 14:30:58
7,15,2024-09-08 14:30:58,388,2024-09-08 14:30:58
7,46,2024-09-08 14:30:58,389,2024-09-08 14:30:58
7,77,2024-09-08 14:30:58,390,2024-09-08 14:30:58
7,23,2024-09-08 14:30:58,391,2024-09-08 14:30:58
7,33,2024-09-08 14:30:58,392,2024-09-08 14:30:58
7,29,2024-09-08 14:30:58,393,2024-09-08 14:30:58
7,42,2024-09-08 14:30:58,394,2024-09-08 14:30:58
7,47,2024-09-08 14:30:58,395,2024-09-08 14:30:58
7,4,2024-09-08 14:30:58,396,2024-09-08 14:30:58
7,31,2024-09-08 14:30:58,397,2024-09-08 14:30:58
7,60,2024-09-08 14:30:58,398,2024-09-08 14:30:58
7,52,2024-09-08 14:30:58,399,2024-09-08 14:30:58
11,40,2024-09-08 16:56:41,778,2024-09-08 16:56:41
11,2,2024-09-08 16:56:41,779,2024-09-08 16:56:41
11,14,2024-09-08 16:56:41,780,2024-09-08 16:56:41
11,13,2024-09-08 16:56:41,781,2024-09-08 16:56:41
11,53,2024-09-08 16:56:41,782,2024-09-08 16:56:41
11,64,2024-09-08 16:56:41,783,2024-09-08 16:56:41
11,11,2024-09-08 16:56:41,784,2024-09-08 16:56:41
11,73,2024-09-08 16:56:41,785,2024-09-08 16:56:41
11,62,2024-09-08 16:56:41,786,2024-09-08 16:56:41
11,35,2024-09-08 16:56:41,787,2024-09-08 16:56:41
11,71,2024-09-08 16:56:41,788,2024-09-08 16:56:41
11,43,2024-09-08 16:56:41,789,2024-09-08 16:56:41
11,27,2024-09-08 16:56:41,790,2024-09-08 16:56:41
11,79,2024-09-08 16:56:41,791,2024-09-08 16:56:41
11,51,2024-09-08 16:56:41,792,2024-09-08 16:56:41
11,32,2024-09-08 16:56:41,793,2024-09-08 16:56:41
11,7,2024-09-08 16:56:41,794,2024-09-08 16:56:41
11,55,2024-09-08 16:56:41,795,2024-09-08 16:56:41
11,80,2024-09-08 16:56:41,796,2024-09-08 16:56:41
11,65,2024-09-08 16:56:41,797,2024-09-08 16:56:41
11,57,2024-09-08 16:56:41,798,2024-09-08 16:56:41
11,54,2024-09-08 16:56:41,799,2024-09-08 16:56:41
11,76,2024-09-08 16:56:41,800,2024-09-08 16:56:41
11,68,2024-09-08 16:56:41,801,2024-09-08 16:56:41
11,25,2024-09-08 16:56:41,802,2024-09-08 16:56:41
11,24,2024-09-08 16:56:41,803,2024-09-08 16:56:41
11,66,2024-09-08 16:56:41,804,2024-09-08 16:56:41
11,18,2024-09-08 16:56:41,805,2024-09-08 16:56:41
11,78,2024-09-08 16:56:41,806,2024-09-08 16:56:41
11,34,2024-09-08 16:56:41,807,2024-09-08 16:56:41
11,20,2024-09-08 16:56:41,808,2024-09-08 16:56:41
11,61,2024-09-08 16:56:41,809,2024-09-08 16:56:41
11,21,2024-09-08 16:56:41,810,2024-09-08 16:56:41
11,49,2024-09-08 16:56:41,811,2024-09-08 16:56:41
11,50,2024-09-08 16:56:41,812,2024-09-08 16:56:41
11,41,2024-09-08 16:56:41,813,2024-09-08 16:56:41
11,38,2024-09-08 16:56:41,814,2024-09-08 16:56:41
11,75,2024-09-08 16:56:41,815,2024-09-08 16:56:41
11,70,2024-09-08 16:56:41,816,2024-09-08 16:56:41
11,36,2024-09-08 16:56:41,817,2024-09-08 16:56:41
11,1,2024-09-08 16:56:41,818,2024-09-08 16:56:41
11,72,2024-09-08 16:56:41,819,2024-09-08 16:56:41
11,6,2024-09-08 16:56:41,820,2024-09-08 16:56:41
11,10,2024-09-08 16:56:41,821,2024-09-08 16:56:41
11,44,2024-09-08 16:56:41,822,2024-09-08 16:56:41
11,74,2024-09-08 16:56:41,823,2024-09-08 16:56:41
11,8,2024-09-08 16:56:41,824,2024-09-08 16:56:41
11,37,2024-09-08 16:56:41,825,2024-09-08 16:56:41
11,12,2024-09-08 16:56:41,826,2024-09-08 16:56:41
11,81,2024-09-08 16:56:41,827,2024-09-08 16:56:41
11,69,2024-09-08 16:56:41,828,2024-09-08 16:56:41
11,15,2024-09-08 16:56:41,829,2024-09-08 16:56:41
11,46,2024-09-08 16:56:41,830,2024-09-08 16:56:41
11,77,2024-09-08 16:56:41,831,2024-09-08 16:56:41
11,23,2024-09-08 16:56:41,832,2024-09-08 16:56:41
11,33,2024-09-08 16:56:41,833,2024-09-08 16:56:41
11,29,2024-09-08 16:56:41,834,2024-09-08 16:56:41
11,42,2024-09-08 16:56:41,835,2024-09-08 16:56:41
11,47,2024-09-08 16:56:41,836,2024-09-08 16:56:41
11,4,2024-09-08 16:56:41,837,2024-09-08 16:56:41
11,31,2024-09-08 16:56:41,838,2024-09-08 16:56:41
11,60,2024-09-08 16:56:41,839,2024-09-08 16:56:41
11,52,2024-09-08 16:56:41,840,2024-09-08 16:56:41
12,40,2024-09-08 16:57:08,841,2024-09-08 16:57:08
12,2,2024-09-08 16:57:08,842,2024-09-08 16:57:08
12,14,2024-09-08 16:57:08,843,2024-09-08 16:57:08
12,13,2024-09-08 16:57:08,844,2024-09-08 16:57:08
12,53,2024-09-08 16:57:08,845,2024-09-08 16:57:08
12,64,2024-09-08 16:57:08,846,2024-09-08 16:57:08
12,11,2024-09-08 16:57:08,847,2024-09-08 16:57:08
12,73,2024-09-08 16:57:08,848,2024-09-08 16:57:08
12,62,2024-09-08 16:57:08,849,2024-09-08 16:57:08
12,35,2024-09-08 16:57:08,850,2024-09-08 16:57:08
12,71,2024-09-08 16:57:08,851,2024-09-08 16:57:08
12,43,2024-09-08 16:57:08,852,2024-09-08 16:57:08
12,27,2024-09-08 16:57:08,853,2024-09-08 16:57:08
12,79,2024-09-08 16:57:08,854,2024-09-08 16:57:08
12,51,2024-09-08 16:57:08,855,2024-09-08 16:57:08
12,32,2024-09-08 16:57:08,856,2024-09-08 16:57:08
12,7,2024-09-08 16:57:08,857,2024-09-08 16:57:08
12,55,2024-09-08 16:57:08,858,2024-09-08 16:57:08
12,80,2024-09-08 16:57:08,859,2024-09-08 16:57:08
12,65,2024-09-08 16:57:08,860,2024-09-08 16:57:08
12,57,2024-09-08 16:57:08,861,2024-09-08 16:57:08
12,54,2024-09-08 16:57:08,862,2024-09-08 16:57:08
12,76,2024-09-08 16:57:08,863,2024-09-08 16:57:08
12,68,2024-09-08 16:57:08,864,2024-09-08 16:57:08
12,25,2024-09-08 16:57:08,865,2024-09-08 16:57:08
12,24,2024-09-08 16:57:08,866,2024-09-08 16:57:08
12,66,2024-09-08 16:57:08,867,2024-09-08 16:57:08
12,18,2024-09-08 16:57:08,868,2024-09-08 16:57:08
12,78,2024-09-08 16:57:08,869,2024-09-08 16:57:08
12,34,2024-09-08 16:57:08,870,2024-09-08 16:57:08
12,20,2024-09-08 16:57:08,871,2024-09-08 16:57:08
12,61,2024-09-08 16:57:08,872,2024-09-08 16:57:08
12,21,2024-09-08 16:57:08,873,2024-09-08 16:57:08
12,49,2024-09-08 16:57:08,874,2024-09-08 16:57:08
12,50,2024-09-08 16:57:08,875,2024-09-08 16:57:08
12,41,2024-09-08 16:57:08,876,2024-09-08 16:57:08
12,38,2024-09-08 16:57:08,877,2024-09-08 16:57:08
12,75,2024-09-08 16:57:08,878,2024-09-08 16:57:08
12,70,2024-09-08 16:57:08,879,2024-09-08 16:57:08
12,36,2024-09-08 16:57:08,880,2024-09-08 16:57:08
12,1,2024-09-08 16:57:08,881,2024-09-08 16:57:08
12,72,2024-09-08 16:57:08,882,2024-09-08 16:57:08
12,6,2024-09-08 16:57:08,883,2024-09-08 16:57:08
12,10,2024-09-08 16:57:08,884,2024-09-08 16:57:08
12,44,2024-09-08 16:57:08,885,2024-09-08 16:57:08
12,74,2024-09-08 16:57:08,886,2024-09-08 16:57:08
12,8,2024-09-08 16:57:08,887,2024-09-08 16:57:08
12,37,2024-09-08 16:57:08,888,2024-09-08 16:57:08
12,12,2024-09-08 16:57:08,889,2024-09-08 16:57:08
12,81,2024-09-08 16:57:08,890,2024-09-08 16:57:08
12,69,2024-09-08 16:57:08,891,2024-09-08 16:57:08
12,15,2024-09-08 16:57:08,892,2024-09-08 16:57:08
12,46,2024-09-08 16:57:08,893,2024-09-08 16:57:08
12,77,2024-09-08 16:57:08,894,2024-09-08 16:57:08
12,23,2024-09-08 16:57:08,895,2024-09-08 16:57:08
12,33,2024-09-08 16:57:08,896,2024-09-08 16:57:08
12,29,2024-09-08 16:57:08,897,2024-09-08 16:57:08
12,42,2024-09-08 16:57:08,898,2024-09-08 16:57:08
12,47,2024-09-08 16:57:08,899,2024-09-08 16:57:08
12,4,2024-09-08 16:57:08,900,2024-09-08 16:57:08
12,31,2024-09-08 16:57:08,901,2024-09-08 16:57:08
12,60,2024-09-08 16:57:08,902,2024-09-08 16:57:08
12,52,2024-09-08 16:57:08,903,2024-09-08 16:57:08
13,40,2024-09-08 16:58:06,904,2024-09-08 16:58:06
13,2,2024-09-08 16:58:06,905,2024-09-08 16:58:06
13,14,2024-09-08 16:58:06,906,2024-09-08 16:58:06
13,13,2024-09-08 16:58:06,907,2024-09-08 16:58:06
13,53,2024-09-08 16:58:06,908,2024-09-08 16:58:06
13,64,2024-09-08 16:58:06,909,2024-09-08 16:58:06
13,11,2024-09-08 16:58:06,910,2024-09-08 16:58:06
13,73,2024-09-08 16:58:06,911,2024-09-08 16:58:06
13,62,2024-09-08 16:58:06,912,2024-09-08 16:58:06
13,35,2024-09-08 16:58:06,913,2024-09-08 16:58:06
13,71,2024-09-08 16:58:06,914,2024-09-08 16:58:06
13,43,2024-09-08 16:58:06,915,2024-09-08 16:58:06
13,27,2024-09-08 16:58:06,916,2024-09-08 16:58:06
13,79,2024-09-08 16:58:06,917,2024-09-08 16:58:06
13,51,2024-09-08 16:58:06,918,2024-09-08 16:58:06
13,32,2024-09-08 16:58:06,919,2024-09-08 16:58:06
13,7,2024-09-08 16:58:06,920,2024-09-08 16:58:06
13,55,2024-09-08 16:58:06,921,2024-09-08 16:58:06
13,80,2024-09-08 16:58:06,922,2024-09-08 16:58:06
13,65,2024-09-08 16:58:06,923,2024-09-08 16:58:06
13,57,2024-09-08 16:58:06,924,2024-09-08 16:58:06
13,54,2024-09-08 16:58:06,925,2024-09-08 16:58:06
13,76,2024-09-08 16:58:06,926,2024-09-08 16:58:06
13,68,2024-09-08 16:58:06,927,2024-09-08 16:58:06
13,25,2024-09-08 16:58:06,928,2024-09-08 16:58:06
13,24,2024-09-08 16:58:06,929,2024-09-08 16:58:06
13,66,2024-09-08 16:58:06,930,2024-09-08 16:58:06
13,18,2024-09-08 16:58:06,931,2024-09-08 16:58:06
13,78,2024-09-08 16:58:06,932,2024-09-08 16:58:06
13,34,2024-09-08 16:58:06,933,2024-09-08 16:58:06
13,20,2024-09-08 16:58:06,934,2024-09-08 16:58:06
13,61,2024-09-08 16:58:06,935,2024-09-08 16:58:06
13,21,2024-09-08 16:58:06,936,2024-09-08 16:58:06
13,49,2024-09-08 16:58:06,937,2024-09-08 16:58:06
13,50,2024-09-08 16:58:06,938,2024-09-08 16:58:06
13,41,2024-09-08 16:58:06,939,2024-09-08 16:58:06
13,38,2024-09-08 16:58:06,940,2024-09-08 16:58:06
13,75,2024-09-08 16:58:06,941,2024-09-08 16:58:06
13,70,2024-09-08 16:58:06,942,2024-09-08 16:58:06
13,36,2024-09-08 16:58:06,943,2024-09-08 16:58:06
13,1,2024-09-08 16:58:06,944,2024-09-08 16:58:06
13,72,2024-09-08 16:58:06,945,2024-09-08 16:58:06
13,6,2024-09-08 16:58:06,946,2024-09-08 16:58:06
13,10,2024-09-08 16:58:06,947,2024-09-08 16:58:06
13,44,2024-09-08 16:58:06,948,2024-09-08 16:58:06
13,74,2024-09-08 16:58:06,949,2024-09-08 16:58:06
13,8,2024-09-08 16:58:06,950,2024-09-08 16:58:06
13,37,2024-09-08 16:58:06,951,2024-09-08 16:58:06
13,12,2024-09-08 16:58:06,952,2024-09-08 16:58:06
13,81,2024-09-08 16:58:06,953,2024-09-08 16:58:06
13,69,2024-09-08 16:58:06,954,2024-09-08 16:58:06
13,15,2024-09-08 16:58:06,955,2024-09-08 16:58:06
13,46,2024-09-08 16:58:06,956,2024-09-08 16:58:06
13,77,2024-09-08 16:58:06,957,2024-09-08 16:58:06
13,23,2024-09-08 16:58:06,958,2024-09-08 16:58:06
13,33,2024-09-08 16:58:06,959,2024-09-08 16:58:06
13,29,2024-09-08 16:58:06,960,2024-09-08 16:58:06
13,42,2024-09-08 16:58:06,961,2024-09-08 16:58:06
13,47,2024-09-08 16:58:06,962,2024-09-08 16:58:06
13,4,2024-09-08 16:58:06,963,2024-09-08 16:58:06
13,31,2024-09-08 16:58:06,964,2024-09-08 16:58:06
13,60,2024-09-08 16:58:06,965,2024-09-08 16:58:06
13,52,2024-09-08 16:58:06,966,2024-09-08 16:58:06
14,40,2024-09-08 16:58:29,967,2024-09-08 16:58:29
14,2,2024-09-08 16:58:29,968,2024-09-08 16:58:29
14,14,2024-09-08 16:58:29,969,2024-09-08 16:58:29
14,13,2024-09-08 16:58:29,970,2024-09-08 16:58:29
14,53,2024-09-08 16:58:29,971,2024-09-08 16:58:29
14,64,2024-09-08 16:58:29,972,2024-09-08 16:58:29
14,11,2024-09-08 16:58:29,973,2024-09-08 16:58:29
14,73,2024-09-08 16:58:29,974,2024-09-08 16:58:29
14,62,2024-09-08 16:58:29,975,2024-09-08 16:58:29
14,35,2024-09-08 16:58:29,976,2024-09-08 16:58:29
14,71,2024-09-08 16:58:29,977,2024-09-08 16:58:29
14,43,2024-09-08 16:58:29,978,2024-09-08 16:58:29
14,27,2024-09-08 16:58:29,979,2024-09-08 16:58:29
14,79,2024-09-08 16:58:29,980,2024-09-08 16:58:29
14,51,2024-09-08 16:58:29,981,2024-09-08 16:58:29
14,32,2024-09-08 16:58:29,982,2024-09-08 16:58:29
14,7,2024-09-08 16:58:29,983,2024-09-08 16:58:29
14,55,2024-09-08 16:58:29,984,2024-09-08 16:58:29
14,80,2024-09-08 16:58:29,985,2024-09-08 16:58:29
14,65,2024-09-08 16:58:29,986,2024-09-08 16:58:29
14,57,2024-09-08 16:58:29,987,2024-09-08 16:58:29
14,54,2024-09-08 16:58:29,988,2024-09-08 16:58:29
14,76,2024-09-08 16:58:29,989,2024-09-08 16:58:29
14,68,2024-09-08 16:58:29,990,2024-09-08 16:58:29
14,25,2024-09-08 16:58:29,991,2024-09-08 16:58:29
14,24,2024-09-08 16:58:29,992,2024-09-08 16:58:29
14,66,2024-09-08 16:58:29,993,2024-09-08 16:58:29
14,18,2024-09-08 16:58:29,994,2024-09-08 16:58:29
14,78,2024-09-08 16:58:29,995,2024-09-08 16:58:29
14,34,2024-09-08 16:58:29,996,2024-09-08 16:58:29
14,20,2024-09-08 16:58:29,997,2024-09-08 16:58:29
14,61,2024-09-08 16:58:29,998,2024-09-08 16:58:29
14,21,2024-09-08 16:58:29,999,2024-09-08 16:58:29
14,49,2024-09-08 16:58:29,1000,2024-09-08 16:58:29
14,50,2024-09-08 16:58:29,1001,2024-09-08 16:58:29
14,41,2024-09-08 16:58:29,1002,2024-09-08 16:58:29
14,38,2024-09-08 16:58:29,1003,2024-09-08 16:58:29
14,75,2024-09-08 16:58:29,1004,2024-09-08 16:58:29
14,70,2024-09-08 16:58:29,1005,2024-09-08 16:58:29
14,36,2024-09-08 16:58:29,1006,2024-09-08 16:58:29
14,1,2024-09-08 16:58:29,1007,2024-09-08 16:58:29
14,72,2024-09-08 16:58:29,1008,2024-09-08 16:58:29
14,6,2024-09-08 16:58:29,1009,2024-09-08 16:58:29
14,10,2024-09-08 16:58:29,1010,2024-09-08 16:58:29
14,44,2024-09-08 16:58:29,1011,2024-09-08 16:58:29
14,74,2024-09-08 16:58:29,1012,2024-09-08 16:58:29
14,8,2024-09-08 16:58:29,1013,2024-09-08 16:58:29
14,37,2024-09-08 16:58:29,1014,2024-09-08 16:58:29
14,12,2024-09-08 16:58:29,1015,2024-09-08 16:58:29
14,81,2024-09-08 16:58:29,1016,2024-09-08 16:58:29
14,69,2024-09-08 16:58:29,1017,2024-09-08 16:58:29
14,15,2024-09-08 16:58:29,1018,2024-09-08 16:58:29
14,46,2024-09-08 16:58:29,1019,2024-09-08 16:58:29
14,77,2024-09-08 16:58:29,1020,2024-09-08 16:58:29
14,23,2024-09-08 16:58:29,1021,2024-09-08 16:58:29
14,33,2024-09-08 16:58:29,1022,2024-09-08 16:58:29
14,29,2024-09-08 16:58:29,1023,2024-09-08 16:58:29
14,42,2024-09-08 16:58:29,1024,2024-09-08 16:58:29
14,47,2024-09-08 16:58:29,1025,2024-09-08 16:58:29
14,4,2024-09-08 16:58:29,1026,2024-09-08 16:58:29
14,31,2024-09-08 16:58:29,1027,2024-09-08 16:58:29
14,60,2024-09-08 16:58:29,1028,2024-09-08 16:58:29
14,52,2024-09-08 16:58:29,1029,2024-09-08 16:58:29
15,40,2024-09-08 16:59:12,1030,2024-09-08 16:59:12
15,2,2024-09-08 16:59:12,1031,2024-09-08 16:59:12
15,14,2024-09-08 16:59:12,1032,2024-09-08 16:59:12
15,13,2024-09-08 16:59:12,1033,2024-09-08 16:59:12
15,53,2024-09-08 16:59:12,1034,2024-09-08 16:59:12
15,64,2024-09-08 16:59:12,1035,2024-09-08 16:59:12
15,11,2024-09-08 16:59:12,1036,2024-09-08 16:59:12
15,73,2024-09-08 16:59:12,1037,2024-09-08 16:59:12
15,62,2024-09-08 16:59:12,1038,2024-09-08 16:59:12
15,35,2024-09-08 16:59:12,1039,2024-09-08 16:59:12
15,71,2024-09-08 16:59:12,1040,2024-09-08 16:59:12
15,43,2024-09-08 16:59:12,1041,2024-09-08 16:59:12
15,27,2024-09-08 16:59:12,1042,2024-09-08 16:59:12
15,79,2024-09-08 16:59:12,1043,2024-09-08 16:59:12
15,51,2024-09-08 16:59:12,1044,2024-09-08 16:59:12
15,32,2024-09-08 16:59:12,1045,2024-09-08 16:59:12
15,7,2024-09-08 16:59:12,1046,2024-09-08 16:59:12
15,55,2024-09-08 16:59:12,1047,2024-09-08 16:59:12
15,80,2024-09-08 16:59:12,1048,2024-09-08 16:59:12
15,65,2024-09-08 16:59:12,1049,2024-09-08 16:59:12
15,57,2024-09-08 16:59:12,1050,2024-09-08 16:59:12
15,54,2024-09-08 16:59:12,1051,2024-09-08 16:59:12
15,76,2024-09-08 16:59:12,1052,2024-09-08 16:59:12
15,68,2024-09-08 16:59:12,1053,2024-09-08 16:59:12
15,25,2024-09-08 16:59:12,1054,2024-09-08 16:59:12
15,24,2024-09-08 16:59:12,1055,2024-09-08 16:59:12
15,66,2024-09-08 16:59:12,1056,2024-09-08 16:59:12
15,18,2024-09-08 16:59:12,1057,2024-09-08 16:59:12
15,78,2024-09-08 16:59:12,1058,2024-09-08 16:59:12
15,34,2024-09-08 16:59:12,1059,2024-09-08 16:59:12
15,20,2024-09-08 16:59:12,1060,2024-09-08 16:59:12
15,61,2024-09-08 16:59:12,1061,2024-09-08 16:59:12
15,21,2024-09-08 16:59:12,1062,2024-09-08 16:59:12
15,49,2024-09-08 16:59:12,1063,2024-09-08 16:59:12
15,50,2024-09-08 16:59:12,1064,2024-09-08 16:59:12
15,41,2024-09-08 16:59:12,1065,2024-09-08 16:59:12
15,38,2024-09-08 16:59:12,1066,2024-09-08 16:59:12
15,75,2024-09-08 16:59:12,1067,2024-09-08 16:59:12
15,70,2024-09-08 16:59:12,1068,2024-09-08 16:59:12
15,36,2024-09-08 16:59:12,1069,2024-09-08 16:59:12
15,1,2024-09-08 16:59:12,1070,2024-09-08 16:59:12
15,72,2024-09-08 16:59:12,1071,2024-09-08 16:59:12
15,6,2024-09-08 16:59:12,1072,2024-09-08 16:59:12
15,10,2024-09-08 16:59:12,1073,2024-09-08 16:59:12
15,44,2024-09-08 16:59:12,1074,2024-09-08 16:59:12
15,74,2024-09-08 16:59:12,1075,2024-09-08 16:59:12
15,8,2024-09-08 16:59:12,1076,2024-09-08 16:59:12
15,37,2024-09-08 16:59:12,1077,2024-09-08 16:59:12
15,12,2024-09-08 16:59:12,1078,2024-09-08 16:59:12
15,81,2024-09-08 16:59:12,1079,2024-09-08 16:59:12
15,69,2024-09-08 16:59:12,1080,2024-09-08 16:59:12
15,15,2024-09-08 16:59:12,1081,2024-09-08 16:59:12
15,46,2024-09-08 16:59:12,1082,2024-09-08 16:59:12
15,77,2024-09-08 16:59:12,1083,2024-09-08 16:59:12
15,23,2024-09-08 16:59:12,1084,2024-09-08 16:59:12
15,33,2024-09-08 16:59:12,1085,2024-09-08 16:59:12
15,29,2024-09-08 16:59:12,1086,2024-09-08 16:59:12
15,42,2024-09-08 16:59:12,1087,2024-09-08 16:59:12
15,47,2024-09-08 16:59:12,1088,2024-09-08 16:59:12
15,4,2024-09-08 16:59:12,1089,2024-09-08 16:59:12
15,31,2024-09-08 16:59:12,1090,2024-09-08 16:59:12
15,60,2024-09-08 16:59:12,1091,2024-09-08 16:59:12
15,52,2024-09-08 16:59:12,1092,2024-09-08 16:59:12
16,40,2024-09-08 16:59:27,1093,2024-09-08 16:59:27
16,2,2024-09-08 16:59:27,1094,2024-09-08 16:59:27
16,14,2024-09-08 16:59:27,1095,2024-09-08 16:59:27
16,13,2024-09-08 16:59:27,1096,2024-09-08 16:59:27
16,53,2024-09-08 16:59:27,1097,2024-09-08 16:59:27
16,64,2024-09-08 16:59:27,1098,2024-09-08 16:59:27
16,11,2024-09-08 16:59:27,1099,2024-09-08 16:59:27
16,73,2024-09-08 16:59:27,1100,2024-09-08 16:59:27
16,62,2024-09-08 16:59:27,1101,2024-09-08 16:59:27
16,35,2024-09-08 16:59:27,1102,2024-09-08 16:59:27
16,71,2024-09-08 16:59:27,1103,2024-09-08 16:59:27
16,43,2024-09-08 16:59:27,1104,2024-09-08 16:59:27
16,27,2024-09-08 16:59:27,1105,2024-09-08 16:59:27
16,79,2024-09-08 16:59:27,1106,2024-09-08 16:59:27
16,51,2024-09-08 16:59:27,1107,2024-09-08 16:59:27
16,32,2024-09-08 16:59:27,1108,2024-09-08 16:59:27
16,7,2024-09-08 16:59:27,1109,2024-09-08 16:59:27
16,55,2024-09-08 16:59:27,1110,2024-09-08 16:59:27
16,80,2024-09-08 16:59:27,1111,2024-09-08 16:59:27
16,65,2024-09-08 16:59:27,1112,2024-09-08 16:59:27
16,57,2024-09-08 16:59:27,1113,2024-09-08 16:59:27
16,54,2024-09-08 16:59:27,1114,2024-09-08 16:59:27
16,76,2024-09-08 16:59:27,1115,2024-09-08 16:59:27
16,68,2024-09-08 16:59:27,1116,2024-09-08 16:59:27
16,25,2024-09-08 16:59:27,1117,2024-09-08 16:59:27
16,24,2024-09-08 16:59:27,1118,2024-09-08 16:59:27
16,66,2024-09-08 16:59:27,1119,2024-09-08 16:59:27
16,18,2024-09-08 16:59:27,1120,2024-09-08 16:59:27
16,78,2024-09-08 16:59:27,1121,2024-09-08 16:59:27
16,34,2024-09-08 16:59:27,1122,2024-09-08 16:59:27
16,20,2024-09-08 16:59:27,1123,2024-09-08 16:59:27
16,61,2024-09-08 16:59:27,1124,2024-09-08 16:59:27
16,21,2024-09-08 16:59:27,1125,2024-09-08 16:59:27
16,49,2024-09-08 16:59:27,1126,2024-09-08 16:59:27
16,50,2024-09-08 16:59:27,1127,2024-09-08 16:59:27
16,41,2024-09-08 16:59:27,1128,2024-09-08 16:59:27
16,38,2024-09-08 16:59:27,1129,2024-09-08 16:59:27
16,75,2024-09-08 16:59:27,1130,2024-09-08 16:59:27
16,70,2024-09-08 16:59:27,1131,2024-09-08 16:59:27
16,36,2024-09-08 16:59:27,1132,2024-09-08 16:59:27
16,1,2024-09-08 16:59:27,1133,2024-09-08 16:59:27
16,72,2024-09-08 16:59:27,1134,2024-09-08 16:59:27
16,6,2024-09-08 16:59:27,1135,2024-09-08 16:59:27
16,10,2024-09-08 16:59:27,1136,2024-09-08 16:59:27
16,44,2024-09-08 16:59:27,1137,2024-09-08 16:59:27
16,74,2024-09-08 16:59:27,1138,2024-09-08 16:59:27
16,8,2024-09-08 16:59:27,1139,2024-09-08 16:59:27
16,37,2024-09-08 16:59:27,1140,2024-09-08 16:59:27
16,12,2024-09-08 16:59:27,1141,2024-09-08 16:59:27
16,81,2024-09-08 16:59:27,1142,2024-09-08 16:59:27
16,69,2024-09-08 16:59:27,1143,2024-09-08 16:59:27
16,15,2024-09-08 16:59:27,1144,2024-09-08 16:59:27
16,46,2024-09-08 16:59:27,1145,2024-09-08 16:59:27
16,77,2024-09-08 16:59:27,1146,2024-09-08 16:59:27
16,23,2024-09-08 16:59:27,1147,2024-09-08 16:59:27
16,33,2024-09-08 16:59:27,1148,2024-09-08 16:59:27
16,29,2024-09-08 16:59:27,1149,2024-09-08 16:59:27
16,42,2024-09-08 16:59:27,1150,2024-09-08 16:59:27
16,47,2024-09-08 16:59:27,1151,2024-09-08 16:59:27
16,4,2024-09-08 16:59:27,1152,2024-09-08 16:59:27
16,31,2024-09-08 16:59:27,1153,2024-09-08 16:59:27
16,60,2024-09-08 16:59:27,1154,2024-09-08 16:59:27
16,52,2024-09-08 16:59:27,1155,2024-09-08 16:59:27
17,40,2024-09-08 16:59:50,1156,2024-09-08 16:59:50
17,2,2024-09-08 16:59:50,1157,2024-09-08 16:59:50
17,14,2024-09-08 16:59:50,1158,2024-09-08 16:59:50
17,13,2024-09-08 16:59:50,1159,2024-09-08 16:59:50
17,53,2024-09-08 16:59:50,1160,2024-09-08 16:59:50
17,64,2024-09-08 16:59:50,1161,2024-09-08 16:59:50
17,11,2024-09-08 16:59:50,1162,2024-09-08 16:59:50
17,73,2024-09-08 16:59:50,1163,2024-09-08 16:59:50
17,62,2024-09-08 16:59:50,1164,2024-09-08 16:59:50
17,35,2024-09-08 16:59:50,1165,2024-09-08 16:59:50
17,71,2024-09-08 16:59:50,1166,2024-09-08 16:59:50
17,43,2024-09-08 16:59:50,1167,2024-09-08 16:59:50
17,27,2024-09-08 16:59:50,1168,2024-09-08 16:59:50
17,79,2024-09-08 16:59:50,1169,2024-09-08 16:59:50
17,51,2024-09-08 16:59:50,1170,2024-09-08 16:59:50
17,32,2024-09-08 16:59:50,1171,2024-09-08 16:59:50
17,7,2024-09-08 16:59:50,1172,2024-09-08 16:59:50
17,55,2024-09-08 16:59:50,1173,2024-09-08 16:59:50
17,80,2024-09-08 16:59:50,1174,2024-09-08 16:59:50
17,65,2024-09-08 16:59:50,1175,2024-09-08 16:59:50
17,57,2024-09-08 16:59:50,1176,2024-09-08 16:59:50
17,54,2024-09-08 16:59:50,1177,2024-09-08 16:59:50
17,76,2024-09-08 16:59:50,1178,2024-09-08 16:59:50
17,68,2024-09-08 16:59:50,1179,2024-09-08 16:59:50
17,25,2024-09-08 16:59:50,1180,2024-09-08 16:59:50
17,24,2024-09-08 16:59:50,1181,2024-09-08 16:59:50
17,66,2024-09-08 16:59:50,1182,2024-09-08 16:59:50
17,18,2024-09-08 16:59:50,1183,2024-09-08 16:59:50
17,78,2024-09-08 16:59:50,1184,2024-09-08 16:59:50
17,34,2024-09-08 16:59:50,1185,2024-09-08 16:59:50
17,20,2024-09-08 16:59:50,1186,2024-09-08 16:59:50
17,61,2024-09-08 16:59:50,1187,2024-09-08 16:59:50
17,21,2024-09-08 16:59:50,1188,2024-09-08 16:59:50
17,49,2024-09-08 16:59:50,1189,2024-09-08 16:59:50
17,50,2024-09-08 16:59:50,1190,2024-09-08 16:59:50
17,41,2024-09-08 16:59:50,1191,2024-09-08 16:59:50
17,38,2024-09-08 16:59:50,1192,2024-09-08 16:59:50
17,75,2024-09-08 16:59:50,1193,2024-09-08 16:59:50
17,70,2024-09-08 16:59:50,1194,2024-09-08 16:59:50
17,36,2024-09-08 16:59:50,1195,2024-09-08 16:59:50
17,1,2024-09-08 16:59:50,1196,2024-09-08 16:59:50
17,72,2024-09-08 16:59:50,1197,2024-09-08 16:59:50
17,6,2024-09-08 16:59:50,1198,2024-09-08 16:59:50
17,10,2024-09-08 16:59:50,1199,2024-09-08 16:59:50
17,44,2024-09-08 16:59:50,1200,2024-09-08 16:59:50
17,74,2024-09-08 16:59:50,1201,2024-09-08 16:59:50
17,8,2024-09-08 16:59:50,1202,2024-09-08 16:59:50
17,37,2024-09-08 16:59:50,1203,2024-09-08 16:59:50
17,12,2024-09-08 16:59:50,1204,2024-09-08 16:59:50
17,81,2024-09-08 16:59:50,1205,2024-09-08 16:59:50
17,69,2024-09-08 16:59:50,1206,2024-09-08 16:59:50
17,15,2024-09-08 16:59:50,1207,2024-09-08 16:59:50
17,46,2024-09-08 16:59:50,1208,2024-09-08 16:59:50
17,77,2024-09-08 16:59:50,1209,2024-09-08 16:59:50
17,23,2024-09-08 16:59:50,1210,2024-09-08 16:59:50
17,33,2024-09-08 16:59:50,1211,2024-09-08 16:59:50
17,29,2024-09-08 16:59:50,1212,2024-09-08 16:59:50
17,42,2024-09-08 16:59:50,1213,2024-09-08 16:59:50
17,47,2024-09-08 16:59:50,1214,2024-09-08 16:59:50
17,4,2024-09-08 16:59:50,1215,2024-09-08 16:59:50
17,31,2024-09-08 16:59:50,1216,2024-09-08 16:59:50
17,60,2024-09-08 16:59:50,1217,2024-09-08 16:59:50
17,52,2024-09-08 16:59:50,1218,2024-09-08 16:59:50
18,40,2024-09-08 17:00:00,1219,2024-09-08 17:00:00
18,2,2024-09-08 17:00:00,1220,2024-09-08 17:00:00
18,14,2024-09-08 17:00:00,1221,2024-09-08 17:00:00
18,13,2024-09-08 17:00:00,1222,2024-09-08 17:00:00
18,53,2024-09-08 17:00:00,1223,2024-09-08 17:00:00
18,64,2024-09-08 17:00:00,1224,2024-09-08 17:00:00
18,11,2024-09-08 17:00:00,1225,2024-09-08 17:00:00
18,73,2024-09-08 17:00:00,1226,2024-09-08 17:00:00
18,62,2024-09-08 17:00:00,1227,2024-09-08 17:00:00
18,35,2024-09-08 17:00:00,1228,2024-09-08 17:00:00
18,71,2024-09-08 17:00:00,1229,2024-09-08 17:00:00
18,43,2024-09-08 17:00:00,1230,2024-09-08 17:00:00
18,27,2024-09-08 17:00:00,1231,2024-09-08 17:00:00
18,79,2024-09-08 17:00:00,1232,2024-09-08 17:00:00
18,51,2024-09-08 17:00:00,1233,2024-09-08 17:00:00
18,32,2024-09-08 17:00:00,1234,2024-09-08 17:00:00
18,7,2024-09-08 17:00:00,1235,2024-09-08 17:00:00
18,55,2024-09-08 17:00:00,1236,2024-09-08 17:00:00
18,80,2024-09-08 17:00:00,1237,2024-09-08 17:00:00
18,65,2024-09-08 17:00:00,1238,2024-09-08 17:00:00
18,57,2024-09-08 17:00:00,1239,2024-09-08 17:00:00
18,54,2024-09-08 17:00:00,1240,2024-09-08 17:00:00
18,76,2024-09-08 17:00:00,1241,2024-09-08 17:00:00
18,68,2024-09-08 17:00:00,1242,2024-09-08 17:00:00
18,25,2024-09-08 17:00:00,1243,2024-09-08 17:00:00
18,24,2024-09-08 17:00:00,1244,2024-09-08 17:00:00
18,66,2024-09-08 17:00:00,1245,2024-09-08 17:00:00
18,18,2024-09-08 17:00:00,1246,2024-09-08 17:00:00
18,78,2024-09-08 17:00:00,1247,2024-09-08 17:00:00
18,34,2024-09-08 17:00:00,1248,2024-09-08 17:00:00
18,20,2024-09-08 17:00:00,1249,2024-09-08 17:00:00
18,61,2024-09-08 17:00:00,1250,2024-09-08 17:00:00
18,21,2024-09-08 17:00:00,1251,2024-09-08 17:00:00
18,49,2024-09-08 17:00:00,1252,2024-09-08 17:00:00
18,50,2024-09-08 17:00:00,1253,2024-09-08 17:00:00
18,41,2024-09-08 17:00:00,1254,2024-09-08 17:00:00
18,38,2024-09-08 17:00:00,1255,2024-09-08 17:00:00
18,75,2024-09-08 17:00:00,1256,2024-09-08 17:00:00
18,70,2024-09-08 17:00:00,1257,2024-09-08 17:00:00
18,36,2024-09-08 17:00:00,1258,2024-09-08 17:00:00
18,1,2024-09-08 17:00:00,1259,2024-09-08 17:00:00
18,72,2024-09-08 17:00:00,1260,2024-09-08 17:00:00
18,6,2024-09-08 17:00:00,1261,2024-09-08 17:00:00
18,10,2024-09-08 17:00:00,1262,2024-09-08 17:00:00
18,44,2024-09-08 17:00:00,1263,2024-09-08 17:00:00
18,74,2024-09-08 17:00:00,1264,2024-09-08 17:00:00
18,8,2024-09-08 17:00:00,1265,2024-09-08 17:00:00
18,37,2024-09-08 17:00:00,1266,2024-09-08 17:00:00
18,12,2024-09-08 17:00:00,1267,2024-09-08 17:00:00
18,81,2024-09-08 17:00:00,1268,2024-09-08 17:00:00
18,69,2024-09-08 17:00:00,1269,2024-09-08 17:00:00
18,15,2024-09-08 17:00:00,1270,2024-09-08 17:00:00
18,46,2024-09-08 17:00:00,1271,2024-09-08 17:00:00
18,77,2024-09-08 17:00:00,1272,2024-09-08 17:00:00
18,23,2024-09-08 17:00:00,1273,2024-09-08 17:00:00
18,33,2024-09-08 17:00:00,1274,2024-09-08 17:00:00
18,29,2024-09-08 17:00:00,1275,2024-09-08 17:00:00
18,42,2024-09-08 17:00:00,1276,2024-09-08 17:00:00
18,47,2024-09-08 17:00:00,1277,2024-09-08 17:00:00
18,4,2024-09-08 17:00:00,1278,2024-09-08 17:00:00
18,31,2024-09-08 17:00:00,1279,2024-09-08 17:00:00
18,60,2024-09-08 17:00:00,1280,2024-09-08 17:00:00
18,52,2024-09-08 17:00:00,1281,2024-09-08 17:00:00
4,40,2024-09-08 17:50:20,1345,2024-09-08 17:50:20
4,2,2024-09-08 17:50:20,1346,2024-09-08 17:50:20
4,14,2024-09-08 17:50:20,1347,2024-09-08 17:50:20
4,13,2024-09-08 17:50:20,1348,2024-09-08 17:50:20
4,53,2024-09-08 17:50:20,1349,2024-09-08 17:50:20
4,64,2024-09-08 17:50:20,1350,2024-09-08 17:50:20
4,11,2024-09-08 17:50:20,1351,2024-09-08 17:50:20
4,73,2024-09-08 17:50:20,1352,2024-09-08 17:50:20
4,62,2024-09-08 17:50:20,1353,2024-09-08 17:50:20
4,35,2024-09-08 17:50:20,1354,2024-09-08 17:50:20
4,71,2024-09-08 17:50:20,1355,2024-09-08 17:50:20
4,43,2024-09-08 17:50:20,1356,2024-09-08 17:50:20
4,27,2024-09-08 17:50:20,1357,2024-09-08 17:50:20
4,79,2024-09-08 17:50:20,1358,2024-09-08 17:50:20
4,51,2024-09-08 17:50:20,1359,2024-09-08 17:50:20
4,32,2024-09-08 17:50:20,1360,2024-09-08 17:50:20
4,7,2024-09-08 17:50:20,1361,2024-09-08 17:50:20
4,55,2024-09-08 17:50:20,1362,2024-09-08 17:50:20
4,80,2024-09-08 17:50:20,1363,2024-09-08 17:50:20
4,65,2024-09-08 17:50:20,1364,2024-09-08 17:50:20
4,57,2024-09-08 17:50:20,1365,2024-09-08 17:50:20
4,54,2024-09-08 17:50:20,1366,2024-09-08 17:50:20
4,76,2024-09-08 17:50:20,1367,2024-09-08 17:50:20
4,68,2024-09-08 17:50:20,1368,2024-09-08 17:50:20
4,25,2024-09-08 17:50:20,1369,2024-09-08 17:50:20
4,24,2024-09-08 17:50:20,1370,2024-09-08 17:50:20
4,66,2024-09-08 17:50:20,1371,2024-09-08 17:50:20
4,18,2024-09-08 17:50:20,1372,2024-09-08 17:50:20
4,78,2024-09-08 17:50:20,1373,2024-09-08 17:50:20
4,34,2024-09-08 17:50:20,1374,2024-09-08 17:50:20
4,20,2024-09-08 17:50:20,1375,2024-09-08 17:50:20
4,61,2024-09-08 17:50:20,1376,2024-09-08 17:50:20
4,21,2024-09-08 17:50:20,1377,2024-09-08 17:50:20
4,49,2024-09-08 17:50:20,1378,2024-09-08 17:50:20
4,50,2024-09-08 17:50:20,1379,2024-09-08 17:50:20
4,41,2024-09-08 17:50:20,1380,2024-09-08 17:50:20
4,38,2024-09-08 17:50:20,1381,2024-09-08 17:50:20
4,75,2024-09-08 17:50:20,1382,2024-09-08 17:50:20
4,70,2024-09-08 17:50:20,1383,2024-09-08 17:50:20
4,36,2024-09-08 17:50:20,1384,2024-09-08 17:50:20
4,1,2024-09-08 17:50:20,1385,2024-09-08 17:50:20
4,72,2024-09-08 17:50:20,1386,2024-09-08 17:50:20
4,6,2024-09-08 17:50:20,1387,2024-09-08 17:50:20
4,10,2024-09-08 17:50:20,1388,2024-09-08 17:50:20
4,44,2024-09-08 17:50:20,1389,2024-09-08 17:50:20
4,74,2024-09-08 17:50:20,1390,2024-09-08 17:50:20
4,8,2024-09-08 17:50:20,1391,2024-09-08 17:50:20
4,37,2024-09-08 17:50:20,1392,2024-09-08 17:50:20
4,12,2024-09-08 17:50:20,1393,2024-09-08 17:50:20
4,81,2024-09-08 17:50:20,1394,2024-09-08 17:50:20
4,69,2024-09-08 17:50:20,1395,2024-09-08 17:50:20
4,15,2024-09-08 17:50:20,1396,2024-09-08 17:50:20
4,46,2024-09-08 17:50:20,1397,2024-09-08 17:50:20
4,77,2024-09-08 17:50:20,1398,2024-09-08 17:50:20
4,23,2024-09-08 17:50:20,1399,2024-09-08 17:50:20
4,33,2024-09-08 17:50:20,1400,2024-09-08 17:50:20
4,29,2024-09-08 17:50:20,1401,2024-09-08 17:50:20
4,42,2024-09-08 17:50:20,1402,2024-09-08 17:50:20
4,47,2024-09-08 17:50:20,1403,2024-09-08 17:50:20
4,4,2024-09-08 17:50:20,1404,2024-09-08 17:50:20
4,31,2024-09-08 17:50:20,1405,2024-09-08 17:50:20
4,60,2024-09-08 17:50:20,1406,2024-09-08 17:50:20
4,52,2024-09-08 17:50:20,1407,2024-09-08 17:50:20
20,40,2024-09-16 09:12:32,2353,2024-09-16 09:12:32
20,2,2024-09-16 09:12:32,2354,2024-09-16 09:12:32
20,14,2024-09-16 09:12:32,2355,2024-09-16 09:12:32
20,13,2024-09-16 09:12:32,2356,2024-09-16 09:12:32
20,53,2024-09-16 09:12:32,2357,2024-09-16 09:12:32
20,64,2024-09-16 09:12:32,2358,2024-09-16 09:12:32
20,11,2024-09-16 09:12:32,2359,2024-09-16 09:12:32
20,73,2024-09-16 09:12:32,2360,2024-09-16 09:12:32
20,62,2024-09-16 09:12:32,2361,2024-09-16 09:12:32
20,35,2024-09-16 09:12:32,2362,2024-09-16 09:12:32
20,71,2024-09-16 09:12:32,2363,2024-09-16 09:12:32
20,43,2024-09-16 09:12:32,2364,2024-09-16 09:12:32
20,27,2024-09-16 09:12:32,2365,2024-09-16 09:12:32
20,79,2024-09-16 09:12:32,2366,2024-09-16 09:12:32
20,51,2024-09-16 09:12:32,2367,2024-09-16 09:12:32
20,32,2024-09-16 09:12:32,2368,2024-09-16 09:12:32
20,7,2024-09-16 09:12:32,2369,2024-09-16 09:12:32
20,55,2024-09-16 09:12:32,2370,2024-09-16 09:12:32
20,80,2024-09-16 09:12:32,2371,2024-09-16 09:12:32
20,65,2024-09-16 09:12:32,2372,2024-09-16 09:12:32
20,57,2024-09-16 09:12:32,2373,2024-09-16 09:12:32
20,54,2024-09-16 09:12:32,2374,2024-09-16 09:12:32
20,76,2024-09-16 09:12:32,2375,2024-09-16 09:12:32
20,68,2024-09-16 09:12:32,2376,2024-09-16 09:12:32
20,25,2024-09-16 09:12:32,2377,2024-09-16 09:12:32
20,24,2024-09-16 09:12:32,2378,2024-09-16 09:12:32
20,66,2024-09-16 09:12:32,2379,2024-09-16 09:12:32
20,18,2024-09-16 09:12:32,2380,2024-09-16 09:12:32
20,78,2024-09-16 09:12:32,2381,2024-09-16 09:12:32
20,34,2024-09-16 09:12:32,2382,2024-09-16 09:12:32
20,20,2024-09-16 09:12:32,2383,2024-09-16 09:12:32
20,61,2024-09-16 09:12:32,2384,2024-09-16 09:12:32
20,21,2024-09-16 09:12:32,2385,2024-09-16 09:12:32
20,49,2024-09-16 09:12:32,2386,2024-09-16 09:12:32
20,50,2024-09-16 09:12:32,2387,2024-09-16 09:12:32
20,41,2024-09-16 09:12:32,2388,2024-09-16 09:12:32
20,38,2024-09-16 09:12:32,2389,2024-09-16 09:12:32
20,75,2024-09-16 09:12:32,2390,2024-09-16 09:12:32
20,70,2024-09-16 09:12:32,2391,2024-09-16 09:12:32
20,36,2024-09-16 09:12:32,2392,2024-09-16 09:12:32
20,1,2024-09-16 09:12:32,2393,2024-09-16 09:12:32
20,72,2024-09-16 09:12:32,2394,2024-09-16 09:12:32
20,6,2024-09-16 09:12:32,2395,2024-09-16 09:12:32
20,10,2024-09-16 09:12:32,2396,2024-09-16 09:12:32
20,44,2024-09-16 09:12:32,2397,2024-09-16 09:12:32
20,74,2024-09-16 09:12:32,2398,2024-09-16 09:12:32
20,8,2024-09-16 09:12:32,2399,2024-09-16 09:12:32
20,37,2024-09-16 09:12:32,2400,2024-09-16 09:12:32
20,12,2024-09-16 09:12:32,2401,2024-09-16 09:12:32
20,81,2024-09-16 09:12:32,2402,2024-09-16 09:12:32
20,69,2024-09-16 09:12:32,2403,2024-09-16 09:12:32
20,15,2024-09-16 09:12:32,2404,2024-09-16 09:12:32
20,46,2024-09-16 09:12:32,2405,2024-09-16 09:12:32
20,77,2024-09-16 09:12:32,2406,2024-09-16 09:12:32
20,23,2024-09-16 09:12:32,2407,2024-09-16 09:12:32
20,33,2024-09-16 09:12:32,2408,2024-09-16 09:12:32
20,29,2024-09-16 09:12:32,2409,2024-09-16 09:12:32
20,42,2024-09-16 09:12:32,2410,2024-09-16 09:12:32
20,47,2024-09-16 09:12:32,2411,2024-09-16 09:12:32
20,4,2024-09-16 09:12:32,2412,2024-09-16 09:12:32
20,31,2024-09-16 09:12:32,2413,2024-09-16 09:12:32
20,60,2024-09-16 09:12:32,2414,2024-09-16 09:12:32
20,52,2024-09-16 09:12:32,2415,2024-09-16 09:12:32
21,40,2024-09-20 05:28:25,2857,2024-09-20 05:28:25
21,2,2024-09-20 05:28:25,2858,2024-09-20 05:28:25
21,14,2024-09-20 05:28:25,2859,2024-09-20 05:28:25
21,13,2024-09-20 05:28:25,2860,2024-09-20 05:28:25
21,53,2024-09-20 05:28:25,2861,2024-09-20 05:28:25
21,64,2024-09-20 05:28:25,2862,2024-09-20 05:28:25
21,11,2024-09-20 05:28:25,2863,2024-09-20 05:28:25
21,73,2024-09-20 05:28:25,2864,2024-09-20 05:28:25
21,62,2024-09-20 05:28:25,2865,2024-09-20 05:28:25
21,35,2024-09-20 05:28:25,2866,2024-09-20 05:28:25
21,71,2024-09-20 05:28:25,2867,2024-09-20 05:28:25
21,43,2024-09-20 05:28:25,2868,2024-09-20 05:28:25
21,27,2024-09-20 05:28:25,2869,2024-09-20 05:28:25
21,79,2024-09-20 05:28:25,2870,2024-09-20 05:28:25
21,51,2024-09-20 05:28:25,2871,2024-09-20 05:28:25
21,32,2024-09-20 05:28:25,2872,2024-09-20 05:28:25
21,7,2024-09-20 05:28:25,2873,2024-09-20 05:28:25
21,55,2024-09-20 05:28:25,2874,2024-09-20 05:28:25
21,80,2024-09-20 05:28:25,2875,2024-09-20 05:28:25
21,65,2024-09-20 05:28:25,2876,2024-09-20 05:28:25
21,57,2024-09-20 05:28:25,2877,2024-09-20 05:28:25
21,54,2024-09-20 05:28:25,2878,2024-09-20 05:28:25
21,76,2024-09-20 05:28:25,2879,2024-09-20 05:28:25
21,68,2024-09-20 05:28:25,2880,2024-09-20 05:28:25
21,25,2024-09-20 05:28:25,2881,2024-09-20 05:28:25
21,24,2024-09-20 05:28:25,2882,2024-09-20 05:28:25
21,66,2024-09-20 05:28:25,2883,2024-09-20 05:28:25
21,18,2024-09-20 05:28:25,2884,2024-09-20 05:28:25
21,78,2024-09-20 05:28:25,2885,2024-09-20 05:28:25
21,34,2024-09-20 05:28:25,2886,2024-09-20 05:28:25
21,20,2024-09-20 05:28:25,2887,2024-09-20 05:28:25
21,61,2024-09-20 05:28:25,2888,2024-09-20 05:28:25
21,21,2024-09-20 05:28:25,2889,2024-09-20 05:28:25
21,49,2024-09-20 05:28:25,2890,2024-09-20 05:28:25
21,50,2024-09-20 05:28:25,2891,2024-09-20 05:28:25
21,41,2024-09-20 05:28:25,2892,2024-09-20 05:28:25
21,38,2024-09-20 05:28:25,2893,2024-09-20 05:28:25
21,75,2024-09-20 05:28:25,2894,2024-09-20 05:28:25
21,70,2024-09-20 05:28:25,2895,2024-09-20 05:28:25
21,36,2024-09-20 05:28:25,2896,2024-09-20 05:28:25
21,1,2024-09-20 05:28:25,2897,2024-09-20 05:28:25
21,72,2024-09-20 05:28:25,2898,2024-09-20 05:28:25
21,6,2024-09-20 05:28:25,2899,2024-09-20 05:28:25
21,10,2024-09-20 05:28:25,2900,2024-09-20 05:28:25
21,44,2024-09-20 05:28:25,2901,2024-09-20 05:28:25
21,74,2024-09-20 05:28:25,2902,2024-09-20 05:28:25
21,8,2024-09-20 05:28:25,2903,2024-09-20 05:28:25
21,37,2024-09-20 05:28:25,2904,2024-09-20 05:28:25
21,12,2024-09-20 05:28:25,2905,2024-09-20 05:28:25
21,81,2024-09-20 05:28:25,2906,2024-09-20 05:28:25
21,69,2024-09-20 05:28:25,2907,2024-09-20 05:28:25
21,15,2024-09-20 05:28:25,2908,2024-09-20 05:28:25
21,46,2024-09-20 05:28:25,2909,2024-09-20 05:28:25
21,77,2024-09-20 05:28:25,2910,2024-09-20 05:28:25
21,23,2024-09-20 05:28:25,2911,2024-09-20 05:28:25
21,33,2024-09-20 05:28:25,2912,2024-09-20 05:28:25
21,29,2024-09-20 05:28:25,2913,2024-09-20 05:28:25
21,42,2024-09-20 05:28:25,2914,2024-09-20 05:28:25
21,47,2024-09-20 05:28:25,2915,2024-09-20 05:28:25
21,4,2024-09-20 05:28:25,2916,2024-09-20 05:28:25
21,31,2024-09-20 05:28:25,2917,2024-09-20 05:28:25
21,60,2024-09-20 05:28:25,2918,2024-09-20 05:28:25
21,52,2024-09-20 05:28:25,2919,2024-09-20 05:28:25
10,40,2024-09-20 05:40:34,2983,2024-09-20 05:40:34
10,2,2024-09-20 05:40:34,2984,2024-09-20 05:40:34
10,14,2024-09-20 05:40:34,2985,2024-09-20 05:40:34
10,13,2024-09-20 05:40:34,2986,2024-09-20 05:40:34
10,53,2024-09-20 05:40:34,2987,2024-09-20 05:40:34
10,64,2024-09-20 05:40:34,2988,2024-09-20 05:40:34
10,11,2024-09-20 05:40:34,2989,2024-09-20 05:40:34
10,73,2024-09-20 05:40:34,2990,2024-09-20 05:40:34
10,62,2024-09-20 05:40:34,2991,2024-09-20 05:40:34
10,35,2024-09-20 05:40:34,2992,2024-09-20 05:40:34
10,71,2024-09-20 05:40:34,2993,2024-09-20 05:40:34
10,43,2024-09-20 05:40:34,2994,2024-09-20 05:40:34
10,27,2024-09-20 05:40:34,2995,2024-09-20 05:40:34
10,79,2024-09-20 05:40:34,2996,2024-09-20 05:40:34
10,51,2024-09-20 05:40:34,2997,2024-09-20 05:40:34
10,32,2024-09-20 05:40:34,2998,2024-09-20 05:40:34
10,7,2024-09-20 05:40:34,2999,2024-09-20 05:40:34
10,55,2024-09-20 05:40:34,3000,2024-09-20 05:40:34
10,80,2024-09-20 05:40:34,3001,2024-09-20 05:40:34
10,65,2024-09-20 05:40:34,3002,2024-09-20 05:40:34
10,57,2024-09-20 05:40:34,3003,2024-09-20 05:40:34
10,54,2024-09-20 05:40:34,3004,2024-09-20 05:40:34
10,76,2024-09-20 05:40:34,3005,2024-09-20 05:40:34
10,68,2024-09-20 05:40:34,3006,2024-09-20 05:40:34
10,25,2024-09-20 05:40:34,3007,2024-09-20 05:40:34
10,24,2024-09-20 05:40:34,3008,2024-09-20 05:40:34
10,66,2024-09-20 05:40:34,3009,2024-09-20 05:40:34
10,18,2024-09-20 05:40:34,3010,2024-09-20 05:40:34
10,78,2024-09-20 05:40:34,3011,2024-09-20 05:40:34
10,34,2024-09-20 05:40:34,3012,2024-09-20 05:40:34
10,20,2024-09-20 05:40:34,3013,2024-09-20 05:40:34
10,61,2024-09-20 05:40:34,3014,2024-09-20 05:40:34
10,21,2024-09-20 05:40:34,3015,2024-09-20 05:40:34
10,49,2024-09-20 05:40:34,3016,2024-09-20 05:40:34
10,50,2024-09-20 05:40:34,3017,2024-09-20 05:40:34
10,41,2024-09-20 05:40:34,3018,2024-09-20 05:40:34
10,38,2024-09-20 05:40:34,3019,2024-09-20 05:40:34
10,75,2024-09-20 05:40:34,3020,2024-09-20 05:40:34
10,70,2024-09-20 05:40:34,3021,2024-09-20 05:40:34
10,36,2024-09-20 05:40:34,3022,2024-09-20 05:40:34
10,1,2024-09-20 05:40:34,3023,2024-09-20 05:40:34
10,72,2024-09-20 05:40:34,3024,2024-09-20 05:40:34
10,6,2024-09-20 05:40:34,3025,2024-09-20 05:40:34
10,10,2024-09-20 05:40:34,3026,2024-09-20 05:40:34
10,44,2024-09-20 05:40:34,3027,2024-09-20 05:40:34
10,74,2024-09-20 05:40:34,3028,2024-09-20 05:40:34
10,8,2024-09-20 05:40:34,3029,2024-09-20 05:40:34
10,37,2024-09-20 05:40:34,3030,2024-09-20 05:40:34
10,12,2024-09-20 05:40:34,3031,2024-09-20 05:40:34
10,81,2024-09-20 05:40:34,3032,2024-09-20 05:40:34
10,69,2024-09-20 05:40:34,3033,2024-09-20 05:40:34
10,15,2024-09-20 05:40:34,3034,2024-09-20 05:40:34
10,46,2024-09-20 05:40:34,3035,2024-09-20 05:40:34
10,77,2024-09-20 05:40:34,3036,2024-09-20 05:40:34
10,23,2024-09-20 05:40:34,3037,2024-09-20 05:40:34
10,33,2024-09-20 05:40:34,3038,2024-09-20 05:40:34
10,29,2024-09-20 05:40:34,3039,2024-09-20 05:40:34
10,42,2024-09-20 05:40:34,3040,2024-09-20 05:40:34
10,47,2024-09-20 05:40:34,3041,2024-09-20 05:40:34
10,4,2024-09-20 05:40:34,3042,2024-09-20 05:40:34
10,31,2024-09-20 05:40:34,3043,2024-09-20 05:40:34
10,60,2024-09-20 05:40:34,3044,2024-09-20 05:40:34
10,52,2024-09-20 05:40:34,3045,2024-09-20 05:40:34
19,40,2024-09-23 13:45:29,3550,2024-09-23 13:45:29
19,2,2024-09-23 13:45:29,3551,2024-09-23 13:45:29
19,14,2024-09-23 13:45:29,3552,2024-09-23 13:45:29
19,13,2024-09-23 13:45:29,3553,2024-09-23 13:45:29
19,53,2024-09-23 13:45:29,3554,2024-09-23 13:45:29
19,64,2024-09-23 13:45:29,3555,2024-09-23 13:45:29
19,11,2024-09-23 13:45:29,3556,2024-09-23 13:45:29
19,73,2024-09-23 13:45:29,3557,2024-09-23 13:45:29
19,62,2024-09-23 13:45:29,3558,2024-09-23 13:45:29
19,35,2024-09-23 13:45:29,3559,2024-09-23 13:45:29
19,71,2024-09-23 13:45:29,3560,2024-09-23 13:45:29
19,43,2024-09-23 13:45:29,3561,2024-09-23 13:45:29
19,27,2024-09-23 13:45:29,3562,2024-09-23 13:45:29
19,79,2024-09-23 13:45:29,3563,2024-09-23 13:45:29
19,51,2024-09-23 13:45:29,3564,2024-09-23 13:45:29
19,32,2024-09-23 13:45:29,3565,2024-09-23 13:45:29
19,7,2024-09-23 13:45:29,3566,2024-09-23 13:45:29
19,55,2024-09-23 13:45:29,3567,2024-09-23 13:45:29
19,80,2024-09-23 13:45:29,3568,2024-09-23 13:45:29
19,65,2024-09-23 13:45:29,3569,2024-09-23 13:45:29
19,57,2024-09-23 13:45:29,3570,2024-09-23 13:45:29
19,54,2024-09-23 13:45:29,3571,2024-09-23 13:45:29
19,76,2024-09-23 13:45:29,3572,2024-09-23 13:45:29
19,68,2024-09-23 13:45:29,3573,2024-09-23 13:45:29
19,25,2024-09-23 13:45:29,3574,2024-09-23 13:45:29
19,24,2024-09-23 13:45:29,3575,2024-09-23 13:45:29
19,66,2024-09-23 13:45:29,3576,2024-09-23 13:45:29
19,18,2024-09-23 13:45:29,3577,2024-09-23 13:45:29
19,78,2024-09-23 13:45:29,3578,2024-09-23 13:45:29
19,34,2024-09-23 13:45:29,3579,2024-09-23 13:45:29
19,20,2024-09-23 13:45:29,3580,2024-09-23 13:45:29
19,61,2024-09-23 13:45:29,3581,2024-09-23 13:45:29
19,21,2024-09-23 13:45:29,3582,2024-09-23 13:45:29
19,49,2024-09-23 13:45:29,3583,2024-09-23 13:45:29
19,50,2024-09-23 13:45:29,3584,2024-09-23 13:45:29
19,41,2024-09-23 13:45:29,3585,2024-09-23 13:45:29
19,38,2024-09-23 13:45:29,3586,2024-09-23 13:45:29
19,75,2024-09-23 13:45:29,3587,2024-09-23 13:45:29
19,70,2024-09-23 13:45:29,3588,2024-09-23 13:45:29
19,36,2024-09-23 13:45:29,3589,2024-09-23 13:45:29
19,1,2024-09-23 13:45:29,3590,2024-09-23 13:45:29
19,72,2024-09-23 13:45:29,3591,2024-09-23 13:45:29
19,6,2024-09-23 13:45:29,3592,2024-09-23 13:45:29
19,10,2024-09-23 13:45:29,3593,2024-09-23 13:45:29
19,44,2024-09-23 13:45:29,3594,2024-09-23 13:45:29
19,74,2024-09-23 13:45:29,3595,2024-09-23 13:45:29
19,8,2024-09-23 13:45:29,3596,2024-09-23 13:45:29
19,37,2024-09-23 13:45:29,3597,2024-09-23 13:45:29
19,12,2024-09-23 13:45:29,3598,2024-09-23 13:45:29
19,81,2024-09-23 13:45:29,3599,2024-09-23 13:45:29
19,69,2024-09-23 13:45:29,3600,2024-09-23 13:45:29
19,15,2024-09-23 13:45:29,3601,2024-09-23 13:45:29
19,46,2024-09-23 13:45:29,3602,2024-09-23 13:45:29
19,77,2024-09-23 13:45:29,3603,2024-09-23 13:45:29
19,23,2024-09-23 13:45:29,3604,2024-09-23 13:45:29
19,33,2024-09-23 13:45:29,3605,2024-09-23 13:45:29
19,29,2024-09-23 13:45:29,3606,2024-09-23 13:45:29
19,42,2024-09-23 13:45:29,3607,2024-09-23 13:45:29
19,47,2024-09-23 13:45:29,3608,2024-09-23 13:45:29
19,4,2024-09-23 13:45:29,3609,2024-09-23 13:45:29
19,31,2024-09-23 13:45:29,3610,2024-09-23 13:45:29
19,60,2024-09-23 13:45:29,3611,2024-09-23 13:45:29
19,52,2024-09-23 13:45:29,3612,2024-09-23 13:45:29
31,40,2024-10-24 11:29:00,4369,2024-10-24 11:29:00
31,2,2024-10-24 11:29:00,4370,2024-10-24 11:29:00
31,14,2024-10-24 11:29:00,4371,2024-10-24 11:29:00
31,13,2024-10-24 11:29:00,4372,2024-10-24 11:29:00
31,53,2024-10-24 11:29:00,4373,2024-10-24 11:29:00
31,64,2024-10-24 11:29:00,4374,2024-10-24 11:29:00
31,11,2024-10-24 11:29:00,4375,2024-10-24 11:29:00
31,73,2024-10-24 11:29:00,4376,2024-10-24 11:29:00
31,62,2024-10-24 11:29:00,4377,2024-10-24 11:29:00
31,35,2024-10-24 11:29:00,4378,2024-10-24 11:29:00
31,71,2024-10-24 11:29:00,4379,2024-10-24 11:29:00
31,43,2024-10-24 11:29:00,4380,2024-10-24 11:29:00
31,27,2024-10-24 11:29:00,4381,2024-10-24 11:29:00
31,79,2024-10-24 11:29:00,4382,2024-10-24 11:29:00
31,51,2024-10-24 11:29:00,4383,2024-10-24 11:29:00
31,32,2024-10-24 11:29:00,4384,2024-10-24 11:29:00
31,7,2024-10-24 11:29:00,4385,2024-10-24 11:29:00
31,55,2024-10-24 11:29:00,4386,2024-10-24 11:29:00
31,80,2024-10-24 11:29:00,4387,2024-10-24 11:29:00
31,65,2024-10-24 11:29:00,4388,2024-10-24 11:29:00
31,57,2024-10-24 11:29:00,4389,2024-10-24 11:29:00
31,54,2024-10-24 11:29:00,4390,2024-10-24 11:29:00
31,76,2024-10-24 11:29:00,4391,2024-10-24 11:29:00
31,68,2024-10-24 11:29:00,4392,2024-10-24 11:29:00
31,25,2024-10-24 11:29:00,4393,2024-10-24 11:29:00
31,24,2024-10-24 11:29:00,4394,2024-10-24 11:29:00
31,66,2024-10-24 11:29:00,4395,2024-10-24 11:29:00
31,18,2024-10-24 11:29:00,4396,2024-10-24 11:29:00
31,78,2024-10-24 11:29:00,4397,2024-10-24 11:29:00
31,34,2024-10-24 11:29:00,4398,2024-10-24 11:29:00
31,20,2024-10-24 11:29:00,4399,2024-10-24 11:29:00
31,61,2024-10-24 11:29:00,4400,2024-10-24 11:29:00
31,21,2024-10-24 11:29:00,4401,2024-10-24 11:29:00
31,49,2024-10-24 11:29:00,4402,2024-10-24 11:29:00
31,50,2024-10-24 11:29:00,4403,2024-10-24 11:29:00
31,41,2024-10-24 11:29:00,4404,2024-10-24 11:29:00
31,38,2024-10-24 11:29:00,4405,2024-10-24 11:29:00
31,75,2024-10-24 11:29:00,4406,2024-10-24 11:29:00
31,70,2024-10-24 11:29:00,4407,2024-10-24 11:29:00
31,36,2024-10-24 11:29:00,4408,2024-10-24 11:29:00
31,1,2024-10-24 11:29:00,4409,2024-10-24 11:29:00
31,72,2024-10-24 11:29:00,4410,2024-10-24 11:29:00
31,6,2024-10-24 11:29:00,4411,2024-10-24 11:29:00
31,10,2024-10-24 11:29:00,4412,2024-10-24 11:29:00
31,44,2024-10-24 11:29:00,4413,2024-10-24 11:29:00
31,74,2024-10-24 11:29:00,4414,2024-10-24 11:29:00
31,8,2024-10-24 11:29:00,4415,2024-10-24 11:29:00
31,37,2024-10-24 11:29:00,4416,2024-10-24 11:29:00
31,12,2024-10-24 11:29:00,4417,2024-10-24 11:29:00
31,81,2024-10-24 11:29:00,4418,2024-10-24 11:29:00
31,69,2024-10-24 11:29:00,4419,2024-10-24 11:29:00
31,15,2024-10-24 11:29:00,4420,2024-10-24 11:29:00
31,46,2024-10-24 11:29:00,4421,2024-10-24 11:29:00
31,77,2024-10-24 11:29:00,4422,2024-10-24 11:29:00
31,23,2024-10-24 11:29:00,4423,2024-10-24 11:29:00
31,33,2024-10-24 11:29:00,4424,2024-10-24 11:29:00
31,29,2024-10-24 11:29:00,4425,2024-10-24 11:29:00
31,42,2024-10-24 11:29:00,4426,2024-10-24 11:29:00
31,47,2024-10-24 11:29:00,4427,2024-10-24 11:29:00
31,4,2024-10-24 11:29:00,4428,2024-10-24 11:29:00
31,31,2024-10-24 11:29:00,4429,2024-10-24 11:29:00
31,60,2024-10-24 11:29:00,4430,2024-10-24 11:29:00
31,52,2024-10-24 11:29:00,4431,2024-10-24 11:29:00
30,40,2024-10-24 11:29:16,4432,2024-10-24 11:29:16
30,2,2024-10-24 11:29:16,4433,2024-10-24 11:29:16
30,14,2024-10-24 11:29:16,4434,2024-10-24 11:29:16
30,13,2024-10-24 11:29:16,4435,2024-10-24 11:29:16
30,53,2024-10-24 11:29:16,4436,2024-10-24 11:29:16
30,64,2024-10-24 11:29:16,4437,2024-10-24 11:29:16
30,11,2024-10-24 11:29:16,4438,2024-10-24 11:29:16
30,73,2024-10-24 11:29:16,4439,2024-10-24 11:29:16
30,62,2024-10-24 11:29:16,4440,2024-10-24 11:29:16
30,35,2024-10-24 11:29:16,4441,2024-10-24 11:29:16
30,71,2024-10-24 11:29:16,4442,2024-10-24 11:29:16
30,43,2024-10-24 11:29:16,4443,2024-10-24 11:29:16
30,27,2024-10-24 11:29:16,4444,2024-10-24 11:29:16
30,79,2024-10-24 11:29:16,4445,2024-10-24 11:29:16
30,51,2024-10-24 11:29:16,4446,2024-10-24 11:29:16
30,32,2024-10-24 11:29:16,4447,2024-10-24 11:29:16
30,7,2024-10-24 11:29:16,4448,2024-10-24 11:29:16
30,55,2024-10-24 11:29:16,4449,2024-10-24 11:29:16
30,80,2024-10-24 11:29:16,4450,2024-10-24 11:29:16
30,65,2024-10-24 11:29:16,4451,2024-10-24 11:29:16
30,57,2024-10-24 11:29:16,4452,2024-10-24 11:29:16
30,54,2024-10-24 11:29:16,4453,2024-10-24 11:29:16
30,76,2024-10-24 11:29:16,4454,2024-10-24 11:29:16
30,68,2024-10-24 11:29:16,4455,2024-10-24 11:29:16
30,25,2024-10-24 11:29:16,4456,2024-10-24 11:29:16
30,24,2024-10-24 11:29:16,4457,2024-10-24 11:29:16
30,66,2024-10-24 11:29:16,4458,2024-10-24 11:29:16
30,18,2024-10-24 11:29:16,4459,2024-10-24 11:29:16
30,78,2024-10-24 11:29:16,4460,2024-10-24 11:29:16
30,34,2024-10-24 11:29:16,4461,2024-10-24 11:29:16
30,20,2024-10-24 11:29:16,4462,2024-10-24 11:29:16
30,61,2024-10-24 11:29:16,4463,2024-10-24 11:29:16
30,21,2024-10-24 11:29:16,4464,2024-10-24 11:29:16
30,49,2024-10-24 11:29:16,4465,2024-10-24 11:29:16
30,50,2024-10-24 11:29:16,4466,2024-10-24 11:29:16
30,41,2024-10-24 11:29:16,4467,2024-10-24 11:29:16
30,38,2024-10-24 11:29:16,4468,2024-10-24 11:29:16
30,75,2024-10-24 11:29:16,4469,2024-10-24 11:29:16
30,70,2024-10-24 11:29:16,4470,2024-10-24 11:29:16
30,36,2024-10-24 11:29:16,4471,2024-10-24 11:29:16
30,1,2024-10-24 11:29:16,4472,2024-10-24 11:29:16
30,72,2024-10-24 11:29:16,4473,2024-10-24 11:29:16
30,6,2024-10-24 11:29:16,4474,2024-10-24 11:29:16
30,10,2024-10-24 11:29:16,4475,2024-10-24 11:29:16
30,44,2024-10-24 11:29:16,4476,2024-10-24 11:29:16
30,74,2024-10-24 11:29:16,4477,2024-10-24 11:29:16
30,8,2024-10-24 11:29:16,4478,2024-10-24 11:29:16
30,37,2024-10-24 11:29:16,4479,2024-10-24 11:29:16
30,12,2024-10-24 11:29:16,4480,2024-10-24 11:29:16
30,81,2024-10-24 11:29:16,4481,2024-10-24 11:29:16
30,69,2024-10-24 11:29:16,4482,2024-10-24 11:29:16
30,15,2024-10-24 11:29:16,4483,2024-10-24 11:29:16
30,46,2024-10-24 11:29:16,4484,2024-10-24 11:29:16
30,77,2024-10-24 11:29:16,4485,2024-10-24 11:29:16
30,23,2024-10-24 11:29:16,4486,2024-10-24 11:29:16
30,33,2024-10-24 11:29:16,4487,2024-10-24 11:29:16
30,29,2024-10-24 11:29:16,4488,2024-10-24 11:29:16
30,42,2024-10-24 11:29:16,4489,2024-10-24 11:29:16
30,47,2024-10-24 11:29:16,4490,2024-10-24 11:29:16
30,4,2024-10-24 11:29:16,4491,2024-10-24 11:29:16
30,31,2024-10-24 11:29:16,4492,2024-10-24 11:29:16
30,60,2024-10-24 11:29:16,4493,2024-10-24 11:29:16
30,52,2024-10-24 11:29:16,4494,2024-10-24 11:29:16
29,40,2024-10-24 11:29:24,4495,2024-10-24 11:29:24
29,2,2024-10-24 11:29:24,4496,2024-10-24 11:29:24
29,14,2024-10-24 11:29:24,4497,2024-10-24 11:29:24
29,13,2024-10-24 11:29:24,4498,2024-10-24 11:29:24
29,53,2024-10-24 11:29:24,4499,2024-10-24 11:29:24
29,64,2024-10-24 11:29:24,4500,2024-10-24 11:29:24
29,11,2024-10-24 11:29:24,4501,2024-10-24 11:29:24
29,73,2024-10-24 11:29:24,4502,2024-10-24 11:29:24
29,62,2024-10-24 11:29:24,4503,2024-10-24 11:29:24
29,35,2024-10-24 11:29:24,4504,2024-10-24 11:29:24
29,71,2024-10-24 11:29:24,4505,2024-10-24 11:29:24
29,43,2024-10-24 11:29:24,4506,2024-10-24 11:29:24
29,27,2024-10-24 11:29:24,4507,2024-10-24 11:29:24
29,79,2024-10-24 11:29:24,4508,2024-10-24 11:29:24
29,51,2024-10-24 11:29:24,4509,2024-10-24 11:29:24
29,32,2024-10-24 11:29:24,4510,2024-10-24 11:29:24
29,7,2024-10-24 11:29:24,4511,2024-10-24 11:29:24
29,55,2024-10-24 11:29:24,4512,2024-10-24 11:29:24
29,80,2024-10-24 11:29:24,4513,2024-10-24 11:29:24
29,65,2024-10-24 11:29:24,4514,2024-10-24 11:29:24
29,57,2024-10-24 11:29:24,4515,2024-10-24 11:29:24
29,54,2024-10-24 11:29:24,4516,2024-10-24 11:29:24
29,76,2024-10-24 11:29:24,4517,2024-10-24 11:29:24
29,68,2024-10-24 11:29:24,4518,2024-10-24 11:29:24
29,25,2024-10-24 11:29:24,4519,2024-10-24 11:29:24
29,24,2024-10-24 11:29:24,4520,2024-10-24 11:29:24
29,66,2024-10-24 11:29:24,4521,2024-10-24 11:29:24
29,18,2024-10-24 11:29:24,4522,2024-10-24 11:29:24
29,78,2024-10-24 11:29:24,4523,2024-10-24 11:29:24
29,34,2024-10-24 11:29:24,4524,2024-10-24 11:29:24
29,20,2024-10-24 11:29:24,4525,2024-10-24 11:29:24
29,61,2024-10-24 11:29:24,4526,2024-10-24 11:29:24
29,21,2024-10-24 11:29:24,4527,2024-10-24 11:29:24
29,49,2024-10-24 11:29:24,4528,2024-10-24 11:29:24
29,50,2024-10-24 11:29:24,4529,2024-10-24 11:29:24
29,41,2024-10-24 11:29:24,4530,2024-10-24 11:29:24
29,38,2024-10-24 11:29:24,4531,2024-10-24 11:29:24
29,75,2024-10-24 11:29:24,4532,2024-10-24 11:29:24
29,70,2024-10-24 11:29:24,4533,2024-10-24 11:29:24
29,36,2024-10-24 11:29:24,4534,2024-10-24 11:29:24
29,1,2024-10-24 11:29:24,4535,2024-10-24 11:29:24
29,72,2024-10-24 11:29:24,4536,2024-10-24 11:29:24
29,6,2024-10-24 11:29:24,4537,2024-10-24 11:29:24
29,10,2024-10-24 11:29:24,4538,2024-10-24 11:29:24
29,44,2024-10-24 11:29:24,4539,2024-10-24 11:29:24
29,74,2024-10-24 11:29:24,4540,2024-10-24 11:29:24
29,8,2024-10-24 11:29:24,4541,2024-10-24 11:29:24
29,37,2024-10-24 11:29:24,4542,2024-10-24 11:29:24
29,12,2024-10-24 11:29:24,4543,2024-10-24 11:29:24
29,81,2024-10-24 11:29:24,4544,2024-10-24 11:29:24
29,69,2024-10-24 11:29:24,4545,2024-10-24 11:29:24
29,15,2024-10-24 11:29:24,4546,2024-10-24 11:29:24
29,46,2024-10-24 11:29:24,4547,2024-10-24 11:29:24
29,77,2024-10-24 11:29:24,4548,2024-10-24 11:29:24
29,23,2024-10-24 11:29:24,4549,2024-10-24 11:29:24
29,33,2024-10-24 11:29:24,4550,2024-10-24 11:29:24
29,29,2024-10-24 11:29:24,4551,2024-10-24 11:29:24
29,42,2024-10-24 11:29:24,4552,2024-10-24 11:29:24
29,47,2024-10-24 11:29:24,4553,2024-10-24 11:29:24
29,4,2024-10-24 11:29:24,4554,2024-10-24 11:29:24
29,31,2024-10-24 11:29:24,4555,2024-10-24 11:29:24
29,60,2024-10-24 11:29:24,4556,2024-10-24 11:29:24
29,52,2024-10-24 11:29:24,4557,2024-10-24 11:29:24
28,40,2024-10-24 11:29:34,4558,2024-10-24 11:29:34
28,2,2024-10-24 11:29:34,4559,2024-10-24 11:29:34
28,14,2024-10-24 11:29:34,4560,2024-10-24 11:29:34
28,13,2024-10-24 11:29:34,4561,2024-10-24 11:29:34
28,53,2024-10-24 11:29:34,4562,2024-10-24 11:29:34
28,64,2024-10-24 11:29:34,4563,2024-10-24 11:29:34
28,11,2024-10-24 11:29:34,4564,2024-10-24 11:29:34
28,73,2024-10-24 11:29:34,4565,2024-10-24 11:29:34
28,62,2024-10-24 11:29:34,4566,2024-10-24 11:29:34
28,35,2024-10-24 11:29:34,4567,2024-10-24 11:29:34
28,71,2024-10-24 11:29:34,4568,2024-10-24 11:29:34
28,43,2024-10-24 11:29:34,4569,2024-10-24 11:29:34
28,27,2024-10-24 11:29:34,4570,2024-10-24 11:29:34
28,79,2024-10-24 11:29:34,4571,2024-10-24 11:29:34
28,51,2024-10-24 11:29:34,4572,2024-10-24 11:29:34
28,32,2024-10-24 11:29:34,4573,2024-10-24 11:29:34
28,7,2024-10-24 11:29:34,4574,2024-10-24 11:29:34
28,55,2024-10-24 11:29:34,4575,2024-10-24 11:29:34
28,80,2024-10-24 11:29:34,4576,2024-10-24 11:29:34
28,65,2024-10-24 11:29:34,4577,2024-10-24 11:29:34
28,57,2024-10-24 11:29:34,4578,2024-10-24 11:29:34
28,54,2024-10-24 11:29:34,4579,2024-10-24 11:29:34
28,76,2024-10-24 11:29:34,4580,2024-10-24 11:29:34
28,68,2024-10-24 11:29:34,4581,2024-10-24 11:29:34
28,25,2024-10-24 11:29:34,4582,2024-10-24 11:29:34
28,24,2024-10-24 11:29:34,4583,2024-10-24 11:29:34
28,66,2024-10-24 11:29:34,4584,2024-10-24 11:29:34
28,18,2024-10-24 11:29:34,4585,2024-10-24 11:29:34
28,78,2024-10-24 11:29:34,4586,2024-10-24 11:29:34
28,34,2024-10-24 11:29:34,4587,2024-10-24 11:29:34
28,20,2024-10-24 11:29:34,4588,2024-10-24 11:29:34
28,61,2024-10-24 11:29:34,4589,2024-10-24 11:29:34
28,21,2024-10-24 11:29:34,4590,2024-10-24 11:29:34
28,49,2024-10-24 11:29:34,4591,2024-10-24 11:29:34
28,50,2024-10-24 11:29:34,4592,2024-10-24 11:29:34
28,41,2024-10-24 11:29:34,4593,2024-10-24 11:29:34
28,38,2024-10-24 11:29:34,4594,2024-10-24 11:29:34
28,75,2024-10-24 11:29:34,4595,2024-10-24 11:29:34
28,70,2024-10-24 11:29:34,4596,2024-10-24 11:29:34
28,36,2024-10-24 11:29:34,4597,2024-10-24 11:29:34
28,1,2024-10-24 11:29:34,4598,2024-10-24 11:29:34
28,72,2024-10-24 11:29:34,4599,2024-10-24 11:29:34
28,6,2024-10-24 11:29:34,4600,2024-10-24 11:29:34
28,10,2024-10-24 11:29:34,4601,2024-10-24 11:29:34
28,44,2024-10-24 11:29:34,4602,2024-10-24 11:29:34
28,74,2024-10-24 11:29:34,4603,2024-10-24 11:29:34
28,8,2024-10-24 11:29:34,4604,2024-10-24 11:29:34
28,37,2024-10-24 11:29:34,4605,2024-10-24 11:29:34
28,12,2024-10-24 11:29:34,4606,2024-10-24 11:29:34
28,81,2024-10-24 11:29:34,4607,2024-10-24 11:29:34
28,69,2024-10-24 11:29:34,4608,2024-10-24 11:29:34
28,15,2024-10-24 11:29:34,4609,2024-10-24 11:29:34
28,46,2024-10-24 11:29:34,4610,2024-10-24 11:29:34
28,77,2024-10-24 11:29:34,4611,2024-10-24 11:29:34
28,23,2024-10-24 11:29:34,4612,2024-10-24 11:29:34
28,33,2024-10-24 11:29:34,4613,2024-10-24 11:29:34
28,29,2024-10-24 11:29:34,4614,2024-10-24 11:29:34
28,42,2024-10-24 11:29:34,4615,2024-10-24 11:29:34
28,47,2024-10-24 11:29:34,4616,2024-10-24 11:29:34
28,4,2024-10-24 11:29:34,4617,2024-10-24 11:29:34
28,31,2024-10-24 11:29:34,4618,2024-10-24 11:29:34
28,60,2024-10-24 11:29:34,4619,2024-10-24 11:29:34
28,52,2024-10-24 11:29:34,4620,2024-10-24 11:29:34
27,40,2024-10-24 11:29:45,4621,2024-10-24 11:29:45
27,2,2024-10-24 11:29:45,4622,2024-10-24 11:29:45
27,14,2024-10-24 11:29:45,4623,2024-10-24 11:29:45
27,13,2024-10-24 11:29:45,4624,2024-10-24 11:29:45
27,53,2024-10-24 11:29:45,4625,2024-10-24 11:29:45
27,64,2024-10-24 11:29:45,4626,2024-10-24 11:29:45
27,11,2024-10-24 11:29:45,4627,2024-10-24 11:29:45
27,73,2024-10-24 11:29:45,4628,2024-10-24 11:29:45
27,62,2024-10-24 11:29:45,4629,2024-10-24 11:29:45
27,35,2024-10-24 11:29:45,4630,2024-10-24 11:29:45
27,71,2024-10-24 11:29:45,4631,2024-10-24 11:29:45
27,43,2024-10-24 11:29:45,4632,2024-10-24 11:29:45
27,27,2024-10-24 11:29:45,4633,2024-10-24 11:29:45
27,79,2024-10-24 11:29:45,4634,2024-10-24 11:29:45
27,51,2024-10-24 11:29:45,4635,2024-10-24 11:29:45
27,32,2024-10-24 11:29:45,4636,2024-10-24 11:29:45
27,7,2024-10-24 11:29:45,4637,2024-10-24 11:29:45
27,55,2024-10-24 11:29:45,4638,2024-10-24 11:29:45
27,80,2024-10-24 11:29:45,4639,2024-10-24 11:29:45
27,65,2024-10-24 11:29:45,4640,2024-10-24 11:29:45
27,57,2024-10-24 11:29:45,4641,2024-10-24 11:29:45
27,54,2024-10-24 11:29:45,4642,2024-10-24 11:29:45
27,76,2024-10-24 11:29:45,4643,2024-10-24 11:29:45
27,68,2024-10-24 11:29:45,4644,2024-10-24 11:29:45
27,25,2024-10-24 11:29:45,4645,2024-10-24 11:29:45
27,24,2024-10-24 11:29:45,4646,2024-10-24 11:29:45
27,66,2024-10-24 11:29:45,4647,2024-10-24 11:29:45
27,18,2024-10-24 11:29:45,4648,2024-10-24 11:29:45
27,78,2024-10-24 11:29:45,4649,2024-10-24 11:29:45
27,34,2024-10-24 11:29:45,4650,2024-10-24 11:29:45
27,20,2024-10-24 11:29:45,4651,2024-10-24 11:29:45
27,61,2024-10-24 11:29:45,4652,2024-10-24 11:29:45
27,21,2024-10-24 11:29:45,4653,2024-10-24 11:29:45
27,49,2024-10-24 11:29:45,4654,2024-10-24 11:29:45
27,50,2024-10-24 11:29:45,4655,2024-10-24 11:29:45
27,41,2024-10-24 11:29:45,4656,2024-10-24 11:29:45
27,38,2024-10-24 11:29:45,4657,2024-10-24 11:29:45
27,75,2024-10-24 11:29:45,4658,2024-10-24 11:29:45
27,70,2024-10-24 11:29:45,4659,2024-10-24 11:29:45
27,36,2024-10-24 11:29:45,4660,2024-10-24 11:29:45
27,1,2024-10-24 11:29:45,4661,2024-10-24 11:29:45
27,72,2024-10-24 11:29:45,4662,2024-10-24 11:29:45
27,6,2024-10-24 11:29:45,4663,2024-10-24 11:29:45
27,10,2024-10-24 11:29:45,4664,2024-10-24 11:29:45
27,44,2024-10-24 11:29:45,4665,2024-10-24 11:29:45
27,74,2024-10-24 11:29:45,4666,2024-10-24 11:29:45
27,8,2024-10-24 11:29:45,4667,2024-10-24 11:29:45
27,37,2024-10-24 11:29:45,4668,2024-10-24 11:29:45
27,12,2024-10-24 11:29:45,4669,2024-10-24 11:29:45
27,81,2024-10-24 11:29:45,4670,2024-10-24 11:29:45
27,69,2024-10-24 11:29:45,4671,2024-10-24 11:29:45
27,15,2024-10-24 11:29:45,4672,2024-10-24 11:29:45
27,46,2024-10-24 11:29:45,4673,2024-10-24 11:29:45
27,77,2024-10-24 11:29:45,4674,2024-10-24 11:29:45
27,23,2024-10-24 11:29:45,4675,2024-10-24 11:29:45
27,33,2024-10-24 11:29:45,4676,2024-10-24 11:29:45
27,29,2024-10-24 11:29:45,4677,2024-10-24 11:29:45
27,42,2024-10-24 11:29:45,4678,2024-10-24 11:29:45
27,47,2024-10-24 11:29:45,4679,2024-10-24 11:29:45
27,4,2024-10-24 11:29:45,4680,2024-10-24 11:29:45
27,31,2024-10-24 11:29:45,4681,2024-10-24 11:29:45
27,60,2024-10-24 11:29:45,4682,2024-10-24 11:29:45
27,52,2024-10-24 11:29:45,4683,2024-10-24 11:29:45
26,40,2024-10-24 11:29:57,4684,2024-10-24 11:29:57
26,2,2024-10-24 11:29:57,4685,2024-10-24 11:29:57
26,14,2024-10-24 11:29:57,4686,2024-10-24 11:29:57
26,13,2024-10-24 11:29:57,4687,2024-10-24 11:29:57
26,53,2024-10-24 11:29:57,4688,2024-10-24 11:29:57
26,64,2024-10-24 11:29:57,4689,2024-10-24 11:29:57
26,11,2024-10-24 11:29:57,4690,2024-10-24 11:29:57
26,73,2024-10-24 11:29:57,4691,2024-10-24 11:29:57
26,62,2024-10-24 11:29:57,4692,2024-10-24 11:29:57
26,35,2024-10-24 11:29:57,4693,2024-10-24 11:29:57
26,71,2024-10-24 11:29:57,4694,2024-10-24 11:29:57
26,43,2024-10-24 11:29:57,4695,2024-10-24 11:29:57
26,27,2024-10-24 11:29:57,4696,2024-10-24 11:29:57
26,79,2024-10-24 11:29:57,4697,2024-10-24 11:29:57
26,51,2024-10-24 11:29:57,4698,2024-10-24 11:29:57
26,32,2024-10-24 11:29:57,4699,2024-10-24 11:29:57
26,7,2024-10-24 11:29:57,4700,2024-10-24 11:29:57
26,55,2024-10-24 11:29:57,4701,2024-10-24 11:29:57
26,80,2024-10-24 11:29:57,4702,2024-10-24 11:29:57
26,65,2024-10-24 11:29:57,4703,2024-10-24 11:29:57
26,57,2024-10-24 11:29:57,4704,2024-10-24 11:29:57
26,54,2024-10-24 11:29:57,4705,2024-10-24 11:29:57
26,76,2024-10-24 11:29:57,4706,2024-10-24 11:29:57
26,68,2024-10-24 11:29:57,4707,2024-10-24 11:29:57
26,25,2024-10-24 11:29:57,4708,2024-10-24 11:29:57
26,24,2024-10-24 11:29:57,4709,2024-10-24 11:29:57
26,66,2024-10-24 11:29:57,4710,2024-10-24 11:29:57
26,18,2024-10-24 11:29:57,4711,2024-10-24 11:29:57
26,78,2024-10-24 11:29:57,4712,2024-10-24 11:29:57
26,34,2024-10-24 11:29:57,4713,2024-10-24 11:29:57
26,20,2024-10-24 11:29:57,4714,2024-10-24 11:29:57
26,61,2024-10-24 11:29:57,4715,2024-10-24 11:29:57
26,21,2024-10-24 11:29:57,4716,2024-10-24 11:29:57
26,49,2024-10-24 11:29:57,4717,2024-10-24 11:29:57
26,50,2024-10-24 11:29:57,4718,2024-10-24 11:29:57
26,41,2024-10-24 11:29:57,4719,2024-10-24 11:29:57
26,38,2024-10-24 11:29:57,4720,2024-10-24 11:29:57
26,75,2024-10-24 11:29:57,4721,2024-10-24 11:29:57
26,70,2024-10-24 11:29:57,4722,2024-10-24 11:29:57
26,36,2024-10-24 11:29:57,4723,2024-10-24 11:29:57
26,1,2024-10-24 11:29:57,4724,2024-10-24 11:29:57
26,72,2024-10-24 11:29:57,4725,2024-10-24 11:29:57
26,6,2024-10-24 11:29:57,4726,2024-10-24 11:29:57
26,10,2024-10-24 11:29:57,4727,2024-10-24 11:29:57
26,44,2024-10-24 11:29:57,4728,2024-10-24 11:29:57
26,74,2024-10-24 11:29:57,4729,2024-10-24 11:29:57
26,8,2024-10-24 11:29:57,4730,2024-10-24 11:29:57
26,37,2024-10-24 11:29:57,4731,2024-10-24 11:29:57
26,12,2024-10-24 11:29:57,4732,2024-10-24 11:29:57
26,81,2024-10-24 11:29:57,4733,2024-10-24 11:29:57
26,69,2024-10-24 11:29:57,4734,2024-10-24 11:29:57
26,15,2024-10-24 11:29:57,4735,2024-10-24 11:29:57
26,46,2024-10-24 11:29:57,4736,2024-10-24 11:29:57
26,77,2024-10-24 11:29:57,4737,2024-10-24 11:29:57
26,23,2024-10-24 11:29:57,4738,2024-10-24 11:29:57
26,33,2024-10-24 11:29:57,4739,2024-10-24 11:29:57
26,29,2024-10-24 11:29:57,4740,2024-10-24 11:29:57
26,42,2024-10-24 11:29:57,4741,2024-10-24 11:29:57
26,47,2024-10-24 11:29:57,4742,2024-10-24 11:29:57
26,4,2024-10-24 11:29:57,4743,2024-10-24 11:29:57
26,31,2024-10-24 11:29:57,4744,2024-10-24 11:29:57
26,60,2024-10-24 11:29:57,4745,2024-10-24 11:29:57
26,52,2024-10-24 11:29:57,4746,2024-10-24 11:29:57
25,40,2024-10-24 11:30:05,4747,2024-10-24 11:30:05
25,2,2024-10-24 11:30:05,4748,2024-10-24 11:30:05
25,14,2024-10-24 11:30:05,4749,2024-10-24 11:30:05
25,13,2024-10-24 11:30:05,4750,2024-10-24 11:30:05
25,53,2024-10-24 11:30:05,4751,2024-10-24 11:30:05
25,64,2024-10-24 11:30:05,4752,2024-10-24 11:30:05
25,11,2024-10-24 11:30:05,4753,2024-10-24 11:30:05
25,73,2024-10-24 11:30:05,4754,2024-10-24 11:30:05
25,62,2024-10-24 11:30:05,4755,2024-10-24 11:30:05
25,35,2024-10-24 11:30:05,4756,2024-10-24 11:30:05
25,71,2024-10-24 11:30:05,4757,2024-10-24 11:30:05
25,43,2024-10-24 11:30:05,4758,2024-10-24 11:30:05
25,27,2024-10-24 11:30:05,4759,2024-10-24 11:30:05
25,79,2024-10-24 11:30:05,4760,2024-10-24 11:30:05
25,51,2024-10-24 11:30:05,4761,2024-10-24 11:30:05
25,32,2024-10-24 11:30:05,4762,2024-10-24 11:30:05
25,7,2024-10-24 11:30:05,4763,2024-10-24 11:30:05
25,55,2024-10-24 11:30:05,4764,2024-10-24 11:30:05
25,80,2024-10-24 11:30:05,4765,2024-10-24 11:30:05
25,65,2024-10-24 11:30:05,4766,2024-10-24 11:30:05
25,57,2024-10-24 11:30:05,4767,2024-10-24 11:30:05
25,54,2024-10-24 11:30:05,4768,2024-10-24 11:30:05
25,76,2024-10-24 11:30:05,4769,2024-10-24 11:30:05
25,68,2024-10-24 11:30:05,4770,2024-10-24 11:30:05
25,25,2024-10-24 11:30:05,4771,2024-10-24 11:30:05
25,24,2024-10-24 11:30:05,4772,2024-10-24 11:30:05
25,66,2024-10-24 11:30:05,4773,2024-10-24 11:30:05
25,18,2024-10-24 11:30:05,4774,2024-10-24 11:30:05
25,78,2024-10-24 11:30:05,4775,2024-10-24 11:30:05
25,34,2024-10-24 11:30:05,4776,2024-10-24 11:30:05
25,20,2024-10-24 11:30:05,4777,2024-10-24 11:30:05
25,61,2024-10-24 11:30:05,4778,2024-10-24 11:30:05
25,21,2024-10-24 11:30:05,4779,2024-10-24 11:30:05
25,49,2024-10-24 11:30:05,4780,2024-10-24 11:30:05
25,50,2024-10-24 11:30:05,4781,2024-10-24 11:30:05
25,41,2024-10-24 11:30:05,4782,2024-10-24 11:30:05
25,38,2024-10-24 11:30:05,4783,2024-10-24 11:30:05
25,75,2024-10-24 11:30:05,4784,2024-10-24 11:30:05
25,70,2024-10-24 11:30:05,4785,2024-10-24 11:30:05
25,36,2024-10-24 11:30:05,4786,2024-10-24 11:30:05
25,1,2024-10-24 11:30:05,4787,2024-10-24 11:30:05
25,72,2024-10-24 11:30:05,4788,2024-10-24 11:30:05
25,6,2024-10-24 11:30:05,4789,2024-10-24 11:30:05
25,10,2024-10-24 11:30:05,4790,2024-10-24 11:30:05
25,44,2024-10-24 11:30:05,4791,2024-10-24 11:30:05
25,74,2024-10-24 11:30:05,4792,2024-10-24 11:30:05
25,8,2024-10-24 11:30:05,4793,2024-10-24 11:30:05
25,37,2024-10-24 11:30:05,4794,2024-10-24 11:30:05
25,12,2024-10-24 11:30:05,4795,2024-10-24 11:30:05
25,81,2024-10-24 11:30:05,4796,2024-10-24 11:30:05
25,69,2024-10-24 11:30:05,4797,2024-10-24 11:30:05
25,15,2024-10-24 11:30:05,4798,2024-10-24 11:30:05
25,46,2024-10-24 11:30:05,4799,2024-10-24 11:30:05
25,77,2024-10-24 11:30:05,4800,2024-10-24 11:30:05
25,23,2024-10-24 11:30:05,4801,2024-10-24 11:30:05
25,33,2024-10-24 11:30:05,4802,2024-10-24 11:30:05
25,29,2024-10-24 11:30:05,4803,2024-10-24 11:30:05
25,42,2024-10-24 11:30:05,4804,2024-10-24 11:30:05
25,47,2024-10-24 11:30:05,4805,2024-10-24 11:30:05
25,4,2024-10-24 11:30:05,4806,2024-10-24 11:30:05
25,31,2024-10-24 11:30:05,4807,2024-10-24 11:30:05
25,60,2024-10-24 11:30:05,4808,2024-10-24 11:30:05
25,52,2024-10-24 11:30:05,4809,2024-10-24 11:30:05
24,40,2024-10-24 11:30:13,4810,2024-10-24 11:30:13
24,2,2024-10-24 11:30:13,4811,2024-10-24 11:30:13
24,14,2024-10-24 11:30:13,4812,2024-10-24 11:30:13
24,13,2024-10-24 11:30:13,4813,2024-10-24 11:30:13
24,53,2024-10-24 11:30:13,4814,2024-10-24 11:30:13
24,64,2024-10-24 11:30:13,4815,2024-10-24 11:30:13
24,11,2024-10-24 11:30:13,4816,2024-10-24 11:30:13
24,73,2024-10-24 11:30:13,4817,2024-10-24 11:30:13
24,62,2024-10-24 11:30:13,4818,2024-10-24 11:30:13
24,35,2024-10-24 11:30:13,4819,2024-10-24 11:30:13
24,71,2024-10-24 11:30:13,4820,2024-10-24 11:30:13
24,43,2024-10-24 11:30:13,4821,2024-10-24 11:30:13
24,27,2024-10-24 11:30:13,4822,2024-10-24 11:30:13
24,79,2024-10-24 11:30:13,4823,2024-10-24 11:30:13
24,51,2024-10-24 11:30:13,4824,2024-10-24 11:30:13
24,32,2024-10-24 11:30:13,4825,2024-10-24 11:30:13
24,7,2024-10-24 11:30:13,4826,2024-10-24 11:30:13
24,55,2024-10-24 11:30:13,4827,2024-10-24 11:30:13
24,80,2024-10-24 11:30:13,4828,2024-10-24 11:30:13
24,65,2024-10-24 11:30:13,4829,2024-10-24 11:30:13
24,57,2024-10-24 11:30:13,4830,2024-10-24 11:30:13
24,54,2024-10-24 11:30:13,4831,2024-10-24 11:30:13
24,76,2024-10-24 11:30:13,4832,2024-10-24 11:30:13
24,68,2024-10-24 11:30:13,4833,2024-10-24 11:30:13
24,25,2024-10-24 11:30:13,4834,2024-10-24 11:30:13
24,24,2024-10-24 11:30:13,4835,2024-10-24 11:30:13
24,66,2024-10-24 11:30:13,4836,2024-10-24 11:30:13
24,18,2024-10-24 11:30:13,4837,2024-10-24 11:30:13
24,78,2024-10-24 11:30:13,4838,2024-10-24 11:30:13
24,34,2024-10-24 11:30:13,4839,2024-10-24 11:30:13
24,20,2024-10-24 11:30:13,4840,2024-10-24 11:30:13
24,61,2024-10-24 11:30:13,4841,2024-10-24 11:30:13
24,21,2024-10-24 11:30:13,4842,2024-10-24 11:30:13
24,49,2024-10-24 11:30:13,4843,2024-10-24 11:30:13
24,50,2024-10-24 11:30:13,4844,2024-10-24 11:30:13
24,41,2024-10-24 11:30:13,4845,2024-10-24 11:30:13
24,38,2024-10-24 11:30:13,4846,2024-10-24 11:30:13
24,75,2024-10-24 11:30:13,4847,2024-10-24 11:30:13
24,70,2024-10-24 11:30:13,4848,2024-10-24 11:30:13
24,36,2024-10-24 11:30:13,4849,2024-10-24 11:30:13
24,1,2024-10-24 11:30:13,4850,2024-10-24 11:30:13
24,72,2024-10-24 11:30:13,4851,2024-10-24 11:30:13
24,6,2024-10-24 11:30:13,4852,2024-10-24 11:30:13
24,10,2024-10-24 11:30:13,4853,2024-10-24 11:30:13
24,44,2024-10-24 11:30:13,4854,2024-10-24 11:30:13
24,74,2024-10-24 11:30:13,4855,2024-10-24 11:30:13
24,8,2024-10-24 11:30:13,4856,2024-10-24 11:30:13
24,37,2024-10-24 11:30:13,4857,2024-10-24 11:30:13
24,12,2024-10-24 11:30:13,4858,2024-10-24 11:30:13
24,81,2024-10-24 11:30:13,4859,2024-10-24 11:30:13
24,69,2024-10-24 11:30:13,4860,2024-10-24 11:30:13
24,15,2024-10-24 11:30:13,4861,2024-10-24 11:30:13
24,46,2024-10-24 11:30:13,4862,2024-10-24 11:30:13
24,77,2024-10-24 11:30:13,4863,2024-10-24 11:30:13
24,23,2024-10-24 11:30:13,4864,2024-10-24 11:30:13
24,33,2024-10-24 11:30:13,4865,2024-10-24 11:30:13
24,29,2024-10-24 11:30:13,4866,2024-10-24 11:30:13
24,42,2024-10-24 11:30:13,4867,2024-10-24 11:30:13
24,47,2024-10-24 11:30:13,4868,2024-10-24 11:30:13
24,4,2024-10-24 11:30:13,4869,2024-10-24 11:30:13
24,31,2024-10-24 11:30:13,4870,2024-10-24 11:30:13
24,60,2024-10-24 11:30:13,4871,2024-10-24 11:30:13
24,52,2024-10-24 11:30:13,4872,2024-10-24 11:30:13
23,40,2024-10-24 11:30:20,4873,2024-10-24 11:30:20
23,2,2024-10-24 11:30:20,4874,2024-10-24 11:30:20
23,14,2024-10-24 11:30:20,4875,2024-10-24 11:30:20
23,13,2024-10-24 11:30:20,4876,2024-10-24 11:30:20
23,53,2024-10-24 11:30:20,4877,2024-10-24 11:30:20
23,64,2024-10-24 11:30:20,4878,2024-10-24 11:30:20
23,11,2024-10-24 11:30:20,4879,2024-10-24 11:30:20
23,73,2024-10-24 11:30:20,4880,2024-10-24 11:30:20
23,62,2024-10-24 11:30:20,4881,2024-10-24 11:30:20
23,35,2024-10-24 11:30:20,4882,2024-10-24 11:30:20
23,71,2024-10-24 11:30:20,4883,2024-10-24 11:30:20
23,43,2024-10-24 11:30:20,4884,2024-10-24 11:30:20
23,27,2024-10-24 11:30:20,4885,2024-10-24 11:30:20
23,79,2024-10-24 11:30:20,4886,2024-10-24 11:30:20
23,51,2024-10-24 11:30:20,4887,2024-10-24 11:30:20
23,32,2024-10-24 11:30:20,4888,2024-10-24 11:30:20
23,7,2024-10-24 11:30:20,4889,2024-10-24 11:30:20
23,55,2024-10-24 11:30:20,4890,2024-10-24 11:30:20
23,80,2024-10-24 11:30:20,4891,2024-10-24 11:30:20
23,65,2024-10-24 11:30:20,4892,2024-10-24 11:30:20
23,57,2024-10-24 11:30:20,4893,2024-10-24 11:30:20
23,54,2024-10-24 11:30:20,4894,2024-10-24 11:30:20
23,76,2024-10-24 11:30:20,4895,2024-10-24 11:30:20
23,68,2024-10-24 11:30:20,4896,2024-10-24 11:30:20
23,25,2024-10-24 11:30:20,4897,2024-10-24 11:30:20
23,24,2024-10-24 11:30:20,4898,2024-10-24 11:30:20
23,66,2024-10-24 11:30:20,4899,2024-10-24 11:30:20
23,18,2024-10-24 11:30:20,4900,2024-10-24 11:30:20
23,78,2024-10-24 11:30:20,4901,2024-10-24 11:30:20
23,34,2024-10-24 11:30:20,4902,2024-10-24 11:30:20
23,20,2024-10-24 11:30:20,4903,2024-10-24 11:30:20
23,61,2024-10-24 11:30:20,4904,2024-10-24 11:30:20
23,21,2024-10-24 11:30:20,4905,2024-10-24 11:30:20
23,49,2024-10-24 11:30:20,4906,2024-10-24 11:30:20
23,50,2024-10-24 11:30:20,4907,2024-10-24 11:30:20
23,41,2024-10-24 11:30:20,4908,2024-10-24 11:30:20
23,38,2024-10-24 11:30:20,4909,2024-10-24 11:30:20
23,75,2024-10-24 11:30:20,4910,2024-10-24 11:30:20
23,70,2024-10-24 11:30:20,4911,2024-10-24 11:30:20
23,36,2024-10-24 11:30:20,4912,2024-10-24 11:30:20
23,1,2024-10-24 11:30:20,4913,2024-10-24 11:30:20
23,72,2024-10-24 11:30:20,4914,2024-10-24 11:30:20
23,6,2024-10-24 11:30:20,4915,2024-10-24 11:30:20
23,10,2024-10-24 11:30:20,4916,2024-10-24 11:30:20
23,44,2024-10-24 11:30:20,4917,2024-10-24 11:30:20
23,74,2024-10-24 11:30:20,4918,2024-10-24 11:30:20
23,8,2024-10-24 11:30:20,4919,2024-10-24 11:30:20
23,37,2024-10-24 11:30:20,4920,2024-10-24 11:30:20
23,12,2024-10-24 11:30:20,4921,2024-10-24 11:30:20
23,81,2024-10-24 11:30:20,4922,2024-10-24 11:30:20
23,69,2024-10-24 11:30:20,4923,2024-10-24 11:30:20
23,15,2024-10-24 11:30:20,4924,2024-10-24 11:30:20
23,46,2024-10-24 11:30:20,4925,2024-10-24 11:30:20
23,77,2024-10-24 11:30:20,4926,2024-10-24 11:30:20
23,23,2024-10-24 11:30:20,4927,2024-10-24 11:30:20
23,33,2024-10-24 11:30:20,4928,2024-10-24 11:30:20
23,29,2024-10-24 11:30:20,4929,2024-10-24 11:30:20
23,42,2024-10-24 11:30:20,4930,2024-10-24 11:30:20
23,47,2024-10-24 11:30:20,4931,2024-10-24 11:30:20
23,4,2024-10-24 11:30:20,4932,2024-10-24 11:30:20
23,31,2024-10-24 11:30:20,4933,2024-10-24 11:30:20
23,60,2024-10-24 11:30:20,4934,2024-10-24 11:30:20
23,52,2024-10-24 11:30:20,4935,2024-10-24 11:30:20
22,40,2024-10-24 11:30:27,4936,2024-10-24 11:30:27
22,2,2024-10-24 11:30:27,4937,2024-10-24 11:30:27
22,14,2024-10-24 11:30:27,4938,2024-10-24 11:30:27
22,13,2024-10-24 11:30:27,4939,2024-10-24 11:30:27
22,53,2024-10-24 11:30:27,4940,2024-10-24 11:30:27
22,64,2024-10-24 11:30:27,4941,2024-10-24 11:30:27
22,11,2024-10-24 11:30:27,4942,2024-10-24 11:30:27
22,73,2024-10-24 11:30:27,4943,2024-10-24 11:30:27
22,62,2024-10-24 11:30:27,4944,2024-10-24 11:30:27
22,35,2024-10-24 11:30:27,4945,2024-10-24 11:30:27
22,71,2024-10-24 11:30:27,4946,2024-10-24 11:30:27
22,43,2024-10-24 11:30:27,4947,2024-10-24 11:30:27
22,27,2024-10-24 11:30:27,4948,2024-10-24 11:30:27
22,79,2024-10-24 11:30:27,4949,2024-10-24 11:30:27
22,51,2024-10-24 11:30:27,4950,2024-10-24 11:30:27
22,32,2024-10-24 11:30:27,4951,2024-10-24 11:30:27
22,7,2024-10-24 11:30:27,4952,2024-10-24 11:30:27
22,55,2024-10-24 11:30:27,4953,2024-10-24 11:30:27
22,80,2024-10-24 11:30:27,4954,2024-10-24 11:30:27
22,65,2024-10-24 11:30:27,4955,2024-10-24 11:30:27
22,57,2024-10-24 11:30:27,4956,2024-10-24 11:30:27
22,54,2024-10-24 11:30:27,4957,2024-10-24 11:30:27
22,76,2024-10-24 11:30:27,4958,2024-10-24 11:30:27
22,68,2024-10-24 11:30:27,4959,2024-10-24 11:30:27
22,25,2024-10-24 11:30:27,4960,2024-10-24 11:30:27
22,24,2024-10-24 11:30:27,4961,2024-10-24 11:30:27
22,66,2024-10-24 11:30:27,4962,2024-10-24 11:30:27
22,18,2024-10-24 11:30:27,4963,2024-10-24 11:30:27
22,78,2024-10-24 11:30:27,4964,2024-10-24 11:30:27
22,34,2024-10-24 11:30:27,4965,2024-10-24 11:30:27
22,20,2024-10-24 11:30:27,4966,2024-10-24 11:30:27
22,61,2024-10-24 11:30:27,4967,2024-10-24 11:30:27
22,21,2024-10-24 11:30:27,4968,2024-10-24 11:30:27
22,49,2024-10-24 11:30:27,4969,2024-10-24 11:30:27
22,50,2024-10-24 11:30:27,4970,2024-10-24 11:30:27
22,41,2024-10-24 11:30:27,4971,2024-10-24 11:30:27
22,38,2024-10-24 11:30:27,4972,2024-10-24 11:30:27
22,75,2024-10-24 11:30:27,4973,2024-10-24 11:30:27
22,70,2024-10-24 11:30:27,4974,2024-10-24 11:30:27
22,36,2024-10-24 11:30:27,4975,2024-10-24 11:30:27
22,1,2024-10-24 11:30:27,4976,2024-10-24 11:30:27
22,72,2024-10-24 11:30:27,4977,2024-10-24 11:30:27
22,6,2024-10-24 11:30:27,4978,2024-10-24 11:30:27
22,10,2024-10-24 11:30:27,4979,2024-10-24 11:30:27
22,44,2024-10-24 11:30:27,4980,2024-10-24 11:30:27
22,74,2024-10-24 11:30:27,4981,2024-10-24 11:30:27
22,8,2024-10-24 11:30:27,4982,2024-10-24 11:30:27
22,37,2024-10-24 11:30:27,4983,2024-10-24 11:30:27
22,12,2024-10-24 11:30:27,4984,2024-10-24 11:30:27
22,81,2024-10-24 11:30:27,4985,2024-10-24 11:30:27
22,69,2024-10-24 11:30:27,4986,2024-10-24 11:30:27
22,15,2024-10-24 11:30:27,4987,2024-10-24 11:30:27
22,46,2024-10-24 11:30:27,4988,2024-10-24 11:30:27
22,77,2024-10-24 11:30:27,4989,2024-10-24 11:30:27
22,23,2024-10-24 11:30:27,4990,2024-10-24 11:30:27
22,33,2024-10-24 11:30:27,4991,2024-10-24 11:30:27
22,29,2024-10-24 11:30:27,4992,2024-10-24 11:30:27
22,42,2024-10-24 11:30:27,4993,2024-10-24 11:30:27
22,47,2024-10-24 11:30:27,4994,2024-10-24 11:30:27
22,4,2024-10-24 11:30:27,4995,2024-10-24 11:30:27
22,31,2024-10-24 11:30:27,4996,2024-10-24 11:30:27
22,60,2024-10-24 11:30:27,4997,2024-10-24 11:30:27
22,52,2024-10-24 11:30:27,4998,2024-10-24 11:30:27
32,40,2024-10-24 14:58:05,4999,2024-10-24 14:58:05
32,2,2024-10-24 14:58:05,5000,2024-10-24 14:58:05
32,14,2024-10-24 14:58:05,5001,2024-10-24 14:58:05
32,13,2024-10-24 14:58:06,5002,2024-10-24 14:58:06
32,53,2024-10-24 14:58:06,5003,2024-10-24 14:58:06
32,64,2024-10-24 14:58:06,5004,2024-10-24 14:58:06
32,11,2024-10-24 14:58:06,5005,2024-10-24 14:58:06
32,73,2024-10-24 14:58:06,5006,2024-10-24 14:58:06
32,62,2024-10-24 14:58:06,5007,2024-10-24 14:58:06
32,35,2024-10-24 14:58:06,5008,2024-10-24 14:58:06
32,71,2024-10-24 14:58:06,5009,2024-10-24 14:58:06
32,43,2024-10-24 14:58:06,5010,2024-10-24 14:58:06
32,27,2024-10-24 14:58:06,5011,2024-10-24 14:58:06
32,79,2024-10-24 14:58:06,5012,2024-10-24 14:58:06
32,51,2024-10-24 14:58:06,5013,2024-10-24 14:58:06
32,32,2024-10-24 14:58:06,5014,2024-10-24 14:58:06
32,7,2024-10-24 14:58:06,5015,2024-10-24 14:58:06
32,55,2024-10-24 14:58:06,5016,2024-10-24 14:58:06
32,80,2024-10-24 14:58:06,5017,2024-10-24 14:58:06
32,65,2024-10-24 14:58:06,5018,2024-10-24 14:58:06
32,57,2024-10-24 14:58:06,5019,2024-10-24 14:58:06
32,54,2024-10-24 14:58:06,5020,2024-10-24 14:58:06
32,76,2024-10-24 14:58:06,5021,2024-10-24 14:58:06
32,68,2024-10-24 14:58:06,5022,2024-10-24 14:58:06
32,25,2024-10-24 14:58:06,5023,2024-10-24 14:58:06
32,24,2024-10-24 14:58:06,5024,2024-10-24 14:58:06
32,66,2024-10-24 14:58:06,5025,2024-10-24 14:58:06
32,18,2024-10-24 14:58:06,5026,2024-10-24 14:58:06
32,78,2024-10-24 14:58:06,5027,2024-10-24 14:58:06
32,34,2024-10-24 14:58:06,5028,2024-10-24 14:58:06
32,20,2024-10-24 14:58:06,5029,2024-10-24 14:58:06
32,61,2024-10-24 14:58:06,5030,2024-10-24 14:58:06
32,21,2024-10-24 14:58:06,5031,2024-10-24 14:58:06
32,49,2024-10-24 14:58:06,5032,2024-10-24 14:58:06
32,50,2024-10-24 14:58:06,5033,2024-10-24 14:58:06
32,41,2024-10-24 14:58:06,5034,2024-10-24 14:58:06
32,38,2024-10-24 14:58:06,5035,2024-10-24 14:58:06
32,75,2024-10-24 14:58:06,5036,2024-10-24 14:58:06
32,70,2024-10-24 14:58:06,5037,2024-10-24 14:58:06
32,36,2024-10-24 14:58:06,5038,2024-10-24 14:58:06
32,1,2024-10-24 14:58:06,5039,2024-10-24 14:58:06
32,72,2024-10-24 14:58:06,5040,2024-10-24 14:58:06
32,6,2024-10-24 14:58:06,5041,2024-10-24 14:58:06
32,10,2024-10-24 14:58:06,5042,2024-10-24 14:58:06
32,44,2024-10-24 14:58:06,5043,2024-10-24 14:58:06
32,74,2024-10-24 14:58:06,5044,2024-10-24 14:58:06
32,8,2024-10-24 14:58:06,5045,2024-10-24 14:58:06
32,37,2024-10-24 14:58:06,5046,2024-10-24 14:58:06
32,12,2024-10-24 14:58:06,5047,2024-10-24 14:58:06
32,81,2024-10-24 14:58:06,5048,2024-10-24 14:58:06
32,69,2024-10-24 14:58:06,5049,2024-10-24 14:58:06
32,15,2024-10-24 14:58:06,5050,2024-10-24 14:58:06
32,46,2024-10-24 14:58:06,5051,2024-10-24 14:58:06
32,77,2024-10-24 14:58:06,5052,2024-10-24 14:58:06
32,23,2024-10-24 14:58:06,5053,2024-10-24 14:58:06
32,33,2024-10-24 14:58:06,5054,2024-10-24 14:58:06
32,29,2024-10-24 14:58:06,5055,2024-10-24 14:58:06
32,42,2024-10-24 14:58:06,5056,2024-10-24 14:58:06
32,47,2024-10-24 14:58:06,5057,2024-10-24 14:58:06
32,4,2024-10-24 14:58:06,5058,2024-10-24 14:58:06
32,31,2024-10-24 14:58:06,5059,2024-10-24 14:58:06
32,60,2024-10-24 14:58:06,5060,2024-10-24 14:58:06
32,52,2024-10-24 14:58:06,5061,2024-10-24 14:58:06
33,40,2024-10-24 14:58:13,5062,2024-10-24 14:58:13
33,2,2024-10-24 14:58:13,5063,2024-10-24 14:58:13
33,14,2024-10-24 14:58:13,5064,2024-10-24 14:58:13
33,13,2024-10-24 14:58:13,5065,2024-10-24 14:58:13
33,53,2024-10-24 14:58:13,5066,2024-10-24 14:58:13
33,64,2024-10-24 14:58:13,5067,2024-10-24 14:58:13
33,11,2024-10-24 14:58:13,5068,2024-10-24 14:58:13
33,73,2024-10-24 14:58:13,5069,2024-10-24 14:58:13
33,62,2024-10-24 14:58:13,5070,2024-10-24 14:58:13
33,35,2024-10-24 14:58:13,5071,2024-10-24 14:58:13
33,71,2024-10-24 14:58:13,5072,2024-10-24 14:58:13
33,43,2024-10-24 14:58:13,5073,2024-10-24 14:58:13
33,27,2024-10-24 14:58:13,5074,2024-10-24 14:58:13
33,79,2024-10-24 14:58:13,5075,2024-10-24 14:58:13
33,51,2024-10-24 14:58:13,5076,2024-10-24 14:58:13
33,32,2024-10-24 14:58:13,5077,2024-10-24 14:58:13
33,7,2024-10-24 14:58:13,5078,2024-10-24 14:58:13
33,55,2024-10-24 14:58:13,5079,2024-10-24 14:58:13
33,80,2024-10-24 14:58:13,5080,2024-10-24 14:58:13
33,65,2024-10-24 14:58:13,5081,2024-10-24 14:58:13
33,57,2024-10-24 14:58:13,5082,2024-10-24 14:58:13
33,54,2024-10-24 14:58:13,5083,2024-10-24 14:58:13
33,76,2024-10-24 14:58:13,5084,2024-10-24 14:58:13
33,68,2024-10-24 14:58:13,5085,2024-10-24 14:58:13
33,25,2024-10-24 14:58:13,5086,2024-10-24 14:58:13
33,24,2024-10-24 14:58:13,5087,2024-10-24 14:58:13
33,66,2024-10-24 14:58:13,5088,2024-10-24 14:58:13
33,18,2024-10-24 14:58:13,5089,2024-10-24 14:58:13
33,78,2024-10-24 14:58:13,5090,2024-10-24 14:58:13
33,34,2024-10-24 14:58:13,5091,2024-10-24 14:58:13
33,20,2024-10-24 14:58:13,5092,2024-10-24 14:58:13
33,61,2024-10-24 14:58:13,5093,2024-10-24 14:58:13
33,21,2024-10-24 14:58:13,5094,2024-10-24 14:58:13
33,49,2024-10-24 14:58:13,5095,2024-10-24 14:58:13
33,50,2024-10-24 14:58:13,5096,2024-10-24 14:58:13
33,41,2024-10-24 14:58:13,5097,2024-10-24 14:58:13
33,38,2024-10-24 14:58:13,5098,2024-10-24 14:58:13
33,75,2024-10-24 14:58:13,5099,2024-10-24 14:58:13
33,70,2024-10-24 14:58:13,5100,2024-10-24 14:58:13
33,36,2024-10-24 14:58:13,5101,2024-10-24 14:58:13
33,1,2024-10-24 14:58:13,5102,2024-10-24 14:58:13
33,72,2024-10-24 14:58:13,5103,2024-10-24 14:58:13
33,6,2024-10-24 14:58:13,5104,2024-10-24 14:58:13
33,10,2024-10-24 14:58:13,5105,2024-10-24 14:58:13
33,44,2024-10-24 14:58:13,5106,2024-10-24 14:58:13
33,74,2024-10-24 14:58:13,5107,2024-10-24 14:58:13
33,8,2024-10-24 14:58:13,5108,2024-10-24 14:58:13
33,37,2024-10-24 14:58:13,5109,2024-10-24 14:58:13
33,12,2024-10-24 14:58:13,5110,2024-10-24 14:58:13
33,81,2024-10-24 14:58:13,5111,2024-10-24 14:58:13
33,69,2024-10-24 14:58:13,5112,2024-10-24 14:58:13
33,15,2024-10-24 14:58:13,5113,2024-10-24 14:58:13
33,46,2024-10-24 14:58:13,5114,2024-10-24 14:58:13
33,77,2024-10-24 14:58:13,5115,2024-10-24 14:58:13
33,23,2024-10-24 14:58:13,5116,2024-10-24 14:58:13
33,33,2024-10-24 14:58:13,5117,2024-10-24 14:58:13
33,29,2024-10-24 14:58:13,5118,2024-10-24 14:58:13
33,42,2024-10-24 14:58:13,5119,2024-10-24 14:58:13
33,47,2024-10-24 14:58:13,5120,2024-10-24 14:58:13
33,4,2024-10-24 14:58:13,5121,2024-10-24 14:58:13
33,31,2024-10-24 14:58:13,5122,2024-10-24 14:58:13
33,60,2024-10-24 14:58:13,5123,2024-10-24 14:58:13
33,52,2024-10-24 14:58:13,5124,2024-10-24 14:58:13
34,40,2024-10-24 14:58:30,5125,2024-10-24 14:58:30
34,2,2024-10-24 14:58:30,5126,2024-10-24 14:58:30
34,14,2024-10-24 14:58:30,5127,2024-10-24 14:58:30
34,13,2024-10-24 14:58:30,5128,2024-10-24 14:58:30
34,53,2024-10-24 14:58:30,5129,2024-10-24 14:58:30
34,64,2024-10-24 14:58:30,5130,2024-10-24 14:58:30
34,11,2024-10-24 14:58:30,5131,2024-10-24 14:58:30
34,73,2024-10-24 14:58:30,5132,2024-10-24 14:58:30
34,62,2024-10-24 14:58:30,5133,2024-10-24 14:58:30
34,35,2024-10-24 14:58:30,5134,2024-10-24 14:58:30
34,71,2024-10-24 14:58:30,5135,2024-10-24 14:58:30
34,43,2024-10-24 14:58:30,5136,2024-10-24 14:58:30
34,27,2024-10-24 14:58:30,5137,2024-10-24 14:58:30
34,79,2024-10-24 14:58:30,5138,2024-10-24 14:58:30
34,51,2024-10-24 14:58:30,5139,2024-10-24 14:58:30
34,32,2024-10-24 14:58:30,5140,2024-10-24 14:58:30
34,7,2024-10-24 14:58:30,5141,2024-10-24 14:58:30
34,55,2024-10-24 14:58:30,5142,2024-10-24 14:58:30
34,80,2024-10-24 14:58:30,5143,2024-10-24 14:58:30
34,65,2024-10-24 14:58:30,5144,2024-10-24 14:58:30
34,57,2024-10-24 14:58:30,5145,2024-10-24 14:58:30
34,54,2024-10-24 14:58:30,5146,2024-10-24 14:58:30
34,76,2024-10-24 14:58:30,5147,2024-10-24 14:58:30
34,68,2024-10-24 14:58:30,5148,2024-10-24 14:58:30
34,25,2024-10-24 14:58:30,5149,2024-10-24 14:58:30
34,24,2024-10-24 14:58:30,5150,2024-10-24 14:58:30
34,66,2024-10-24 14:58:30,5151,2024-10-24 14:58:30
34,18,2024-10-24 14:58:30,5152,2024-10-24 14:58:30
34,78,2024-10-24 14:58:30,5153,2024-10-24 14:58:30
34,34,2024-10-24 14:58:30,5154,2024-10-24 14:58:30
34,20,2024-10-24 14:58:30,5155,2024-10-24 14:58:30
34,61,2024-10-24 14:58:30,5156,2024-10-24 14:58:30
34,21,2024-10-24 14:58:30,5157,2024-10-24 14:58:30
34,49,2024-10-24 14:58:30,5158,2024-10-24 14:58:30
34,50,2024-10-24 14:58:30,5159,2024-10-24 14:58:30
34,41,2024-10-24 14:58:30,5160,2024-10-24 14:58:30
34,38,2024-10-24 14:58:30,5161,2024-10-24 14:58:30
34,75,2024-10-24 14:58:30,5162,2024-10-24 14:58:30
34,70,2024-10-24 14:58:30,5163,2024-10-24 14:58:30
34,36,2024-10-24 14:58:30,5164,2024-10-24 14:58:30
34,1,2024-10-24 14:58:30,5165,2024-10-24 14:58:30
34,72,2024-10-24 14:58:30,5166,2024-10-24 14:58:30
34,6,2024-10-24 14:58:30,5167,2024-10-24 14:58:30
34,10,2024-10-24 14:58:30,5168,2024-10-24 14:58:30
34,44,2024-10-24 14:58:30,5169,2024-10-24 14:58:30
34,74,2024-10-24 14:58:30,5170,2024-10-24 14:58:30
34,8,2024-10-24 14:58:30,5171,2024-10-24 14:58:30
34,37,2024-10-24 14:58:30,5172,2024-10-24 14:58:30
34,12,2024-10-24 14:58:30,5173,2024-10-24 14:58:30
34,81,2024-10-24 14:58:30,5174,2024-10-24 14:58:30
34,69,2024-10-24 14:58:30,5175,2024-10-24 14:58:30
34,15,2024-10-24 14:58:30,5176,2024-10-24 14:58:30
34,46,2024-10-24 14:58:30,5177,2024-10-24 14:58:30
34,77,2024-10-24 14:58:30,5178,2024-10-24 14:58:30
34,23,2024-10-24 14:58:30,5179,2024-10-24 14:58:30
34,33,2024-10-24 14:58:30,5180,2024-10-24 14:58:30
34,29,2024-10-24 14:58:30,5181,2024-10-24 14:58:30
34,42,2024-10-24 14:58:30,5182,2024-10-24 14:58:30
34,47,2024-10-24 14:58:30,5183,2024-10-24 14:58:30
34,4,2024-10-24 14:58:30,5184,2024-10-24 14:58:30
34,31,2024-10-24 14:58:30,5185,2024-10-24 14:58:30
34,60,2024-10-24 14:58:30,5186,2024-10-24 14:58:30
34,52,2024-10-24 14:58:30,5187,2024-10-24 14:58:30
35,40,2024-10-24 14:58:41,5188,2024-10-24 14:58:41
35,2,2024-10-24 14:58:41,5189,2024-10-24 14:58:41
35,14,2024-10-24 14:58:41,5190,2024-10-24 14:58:41
35,13,2024-10-24 14:58:41,5191,2024-10-24 14:58:41
35,53,2024-10-24 14:58:41,5192,2024-10-24 14:58:41
35,64,2024-10-24 14:58:41,5193,2024-10-24 14:58:41
35,11,2024-10-24 14:58:41,5194,2024-10-24 14:58:41
35,73,2024-10-24 14:58:41,5195,2024-10-24 14:58:41
35,62,2024-10-24 14:58:41,5196,2024-10-24 14:58:41
35,35,2024-10-24 14:58:41,5197,2024-10-24 14:58:41
35,71,2024-10-24 14:58:41,5198,2024-10-24 14:58:41
35,43,2024-10-24 14:58:41,5199,2024-10-24 14:58:41
35,27,2024-10-24 14:58:41,5200,2024-10-24 14:58:41
35,79,2024-10-24 14:58:41,5201,2024-10-24 14:58:41
35,51,2024-10-24 14:58:41,5202,2024-10-24 14:58:41
35,32,2024-10-24 14:58:41,5203,2024-10-24 14:58:41
35,7,2024-10-24 14:58:41,5204,2024-10-24 14:58:41
35,55,2024-10-24 14:58:41,5205,2024-10-24 14:58:41
35,80,2024-10-24 14:58:41,5206,2024-10-24 14:58:41
35,65,2024-10-24 14:58:41,5207,2024-10-24 14:58:41
35,57,2024-10-24 14:58:41,5208,2024-10-24 14:58:41
35,54,2024-10-24 14:58:41,5209,2024-10-24 14:58:41
35,76,2024-10-24 14:58:41,5210,2024-10-24 14:58:41
35,68,2024-10-24 14:58:41,5211,2024-10-24 14:58:41
35,25,2024-10-24 14:58:41,5212,2024-10-24 14:58:41
35,24,2024-10-24 14:58:41,5213,2024-10-24 14:58:41
35,66,2024-10-24 14:58:41,5214,2024-10-24 14:58:41
35,18,2024-10-24 14:58:41,5215,2024-10-24 14:58:41
35,78,2024-10-24 14:58:41,5216,2024-10-24 14:58:41
35,34,2024-10-24 14:58:41,5217,2024-10-24 14:58:41
35,20,2024-10-24 14:58:41,5218,2024-10-24 14:58:41
35,61,2024-10-24 14:58:41,5219,2024-10-24 14:58:41
35,21,2024-10-24 14:58:41,5220,2024-10-24 14:58:41
35,49,2024-10-24 14:58:41,5221,2024-10-24 14:58:41
35,50,2024-10-24 14:58:41,5222,2024-10-24 14:58:41
35,41,2024-10-24 14:58:41,5223,2024-10-24 14:58:41
35,38,2024-10-24 14:58:41,5224,2024-10-24 14:58:41
35,75,2024-10-24 14:58:41,5225,2024-10-24 14:58:41
35,70,2024-10-24 14:58:41,5226,2024-10-24 14:58:41
35,36,2024-10-24 14:58:41,5227,2024-10-24 14:58:41
35,1,2024-10-24 14:58:41,5228,2024-10-24 14:58:41
35,72,2024-10-24 14:58:41,5229,2024-10-24 14:58:41
35,6,2024-10-24 14:58:41,5230,2024-10-24 14:58:41
35,10,2024-10-24 14:58:41,5231,2024-10-24 14:58:41
35,44,2024-10-24 14:58:41,5232,2024-10-24 14:58:41
35,74,2024-10-24 14:58:41,5233,2024-10-24 14:58:41
35,8,2024-10-24 14:58:41,5234,2024-10-24 14:58:41
35,37,2024-10-24 14:58:41,5235,2024-10-24 14:58:41
35,12,2024-10-24 14:58:41,5236,2024-10-24 14:58:41
35,81,2024-10-24 14:58:41,5237,2024-10-24 14:58:41
35,69,2024-10-24 14:58:41,5238,2024-10-24 14:58:41
35,15,2024-10-24 14:58:41,5239,2024-10-24 14:58:41
35,46,2024-10-24 14:58:41,5240,2024-10-24 14:58:41
35,77,2024-10-24 14:58:41,5241,2024-10-24 14:58:41
35,23,2024-10-24 14:58:41,5242,2024-10-24 14:58:41
35,33,2024-10-24 14:58:41,5243,2024-10-24 14:58:41
35,29,2024-10-24 14:58:41,5244,2024-10-24 14:58:41
35,42,2024-10-24 14:58:41,5245,2024-10-24 14:58:41
35,47,2024-10-24 14:58:41,5246,2024-10-24 14:58:41
35,4,2024-10-24 14:58:41,5247,2024-10-24 14:58:41
35,31,2024-10-24 14:58:41,5248,2024-10-24 14:58:41
35,60,2024-10-24 14:58:41,5249,2024-10-24 14:58:41
35,52,2024-10-24 14:58:41,5250,2024-10-24 14:58:41
36,40,2024-10-24 14:59:22,5251,2024-10-24 14:59:22
36,2,2024-10-24 14:59:22,5252,2024-10-24 14:59:22
36,14,2024-10-24 14:59:22,5253,2024-10-24 14:59:22
36,13,2024-10-24 14:59:22,5254,2024-10-24 14:59:22
36,53,2024-10-24 14:59:22,5255,2024-10-24 14:59:22
36,64,2024-10-24 14:59:22,5256,2024-10-24 14:59:22
36,11,2024-10-24 14:59:22,5257,2024-10-24 14:59:22
36,73,2024-10-24 14:59:22,5258,2024-10-24 14:59:22
36,62,2024-10-24 14:59:22,5259,2024-10-24 14:59:22
36,35,2024-10-24 14:59:22,5260,2024-10-24 14:59:22
36,71,2024-10-24 14:59:22,5261,2024-10-24 14:59:22
36,43,2024-10-24 14:59:22,5262,2024-10-24 14:59:22
36,27,2024-10-24 14:59:22,5263,2024-10-24 14:59:22
36,79,2024-10-24 14:59:22,5264,2024-10-24 14:59:22
36,51,2024-10-24 14:59:22,5265,2024-10-24 14:59:22
36,32,2024-10-24 14:59:22,5266,2024-10-24 14:59:22
36,7,2024-10-24 14:59:22,5267,2024-10-24 14:59:22
36,55,2024-10-24 14:59:22,5268,2024-10-24 14:59:22
36,80,2024-10-24 14:59:22,5269,2024-10-24 14:59:22
36,65,2024-10-24 14:59:22,5270,2024-10-24 14:59:22
36,57,2024-10-24 14:59:22,5271,2024-10-24 14:59:22
36,54,2024-10-24 14:59:22,5272,2024-10-24 14:59:22
36,76,2024-10-24 14:59:22,5273,2024-10-24 14:59:22
36,68,2024-10-24 14:59:22,5274,2024-10-24 14:59:22
36,25,2024-10-24 14:59:22,5275,2024-10-24 14:59:22
36,24,2024-10-24 14:59:22,5276,2024-10-24 14:59:22
36,66,2024-10-24 14:59:22,5277,2024-10-24 14:59:22
36,18,2024-10-24 14:59:22,5278,2024-10-24 14:59:22
36,78,2024-10-24 14:59:22,5279,2024-10-24 14:59:22
36,34,2024-10-24 14:59:22,5280,2024-10-24 14:59:22
36,20,2024-10-24 14:59:22,5281,2024-10-24 14:59:22
36,61,2024-10-24 14:59:22,5282,2024-10-24 14:59:22
36,21,2024-10-24 14:59:22,5283,2024-10-24 14:59:22
36,49,2024-10-24 14:59:22,5284,2024-10-24 14:59:22
36,50,2024-10-24 14:59:22,5285,2024-10-24 14:59:22
36,41,2024-10-24 14:59:22,5286,2024-10-24 14:59:22
36,38,2024-10-24 14:59:22,5287,2024-10-24 14:59:22
36,75,2024-10-24 14:59:22,5288,2024-10-24 14:59:22
36,70,2024-10-24 14:59:22,5289,2024-10-24 14:59:22
36,36,2024-10-24 14:59:22,5290,2024-10-24 14:59:22
36,1,2024-10-24 14:59:22,5291,2024-10-24 14:59:22
36,72,2024-10-24 14:59:22,5292,2024-10-24 14:59:22
36,6,2024-10-24 14:59:22,5293,2024-10-24 14:59:22
36,10,2024-10-24 14:59:22,5294,2024-10-24 14:59:22
36,44,2024-10-24 14:59:22,5295,2024-10-24 14:59:22
36,74,2024-10-24 14:59:22,5296,2024-10-24 14:59:22
36,8,2024-10-24 14:59:22,5297,2024-10-24 14:59:22
36,37,2024-10-24 14:59:22,5298,2024-10-24 14:59:22
36,12,2024-10-24 14:59:22,5299,2024-10-24 14:59:22
36,81,2024-10-24 14:59:22,5300,2024-10-24 14:59:22
36,69,2024-10-24 14:59:22,5301,2024-10-24 14:59:22
36,15,2024-10-24 14:59:22,5302,2024-10-24 14:59:22
36,46,2024-10-24 14:59:22,5303,2024-10-24 14:59:22
36,77,2024-10-24 14:59:22,5304,2024-10-24 14:59:22
36,23,2024-10-24 14:59:22,5305,2024-10-24 14:59:22
36,33,2024-10-24 14:59:22,5306,2024-10-24 14:59:22
36,29,2024-10-24 14:59:22,5307,2024-10-24 14:59:22
36,42,2024-10-24 14:59:22,5308,2024-10-24 14:59:22
36,47,2024-10-24 14:59:22,5309,2024-10-24 14:59:22
36,4,2024-10-24 14:59:22,5310,2024-10-24 14:59:22
36,31,2024-10-24 14:59:22,5311,2024-10-24 14:59:22
36,60,2024-10-24 14:59:22,5312,2024-10-24 14:59:22
36,52,2024-10-24 14:59:22,5313,2024-10-24 14:59:22
37,40,2024-10-24 14:59:33,5314,2024-10-24 14:59:33
37,2,2024-10-24 14:59:33,5315,2024-10-24 14:59:33
37,14,2024-10-24 14:59:33,5316,2024-10-24 14:59:33
37,13,2024-10-24 14:59:33,5317,2024-10-24 14:59:33
37,53,2024-10-24 14:59:33,5318,2024-10-24 14:59:33
37,64,2024-10-24 14:59:33,5319,2024-10-24 14:59:33
37,11,2024-10-24 14:59:33,5320,2024-10-24 14:59:33
37,73,2024-10-24 14:59:33,5321,2024-10-24 14:59:33
37,62,2024-10-24 14:59:33,5322,2024-10-24 14:59:33
37,35,2024-10-24 14:59:33,5323,2024-10-24 14:59:33
37,71,2024-10-24 14:59:33,5324,2024-10-24 14:59:33
37,43,2024-10-24 14:59:33,5325,2024-10-24 14:59:33
37,27,2024-10-24 14:59:33,5326,2024-10-24 14:59:33
37,79,2024-10-24 14:59:33,5327,2024-10-24 14:59:33
37,51,2024-10-24 14:59:33,5328,2024-10-24 14:59:33
37,32,2024-10-24 14:59:33,5329,2024-10-24 14:59:33
37,7,2024-10-24 14:59:33,5330,2024-10-24 14:59:33
37,55,2024-10-24 14:59:33,5331,2024-10-24 14:59:33
37,80,2024-10-24 14:59:33,5332,2024-10-24 14:59:33
37,65,2024-10-24 14:59:33,5333,2024-10-24 14:59:33
37,57,2024-10-24 14:59:33,5334,2024-10-24 14:59:33
37,54,2024-10-24 14:59:33,5335,2024-10-24 14:59:33
37,76,2024-10-24 14:59:33,5336,2024-10-24 14:59:33
37,68,2024-10-24 14:59:33,5337,2024-10-24 14:59:33
37,25,2024-10-24 14:59:33,5338,2024-10-24 14:59:33
37,24,2024-10-24 14:59:33,5339,2024-10-24 14:59:33
37,66,2024-10-24 14:59:33,5340,2024-10-24 14:59:33
37,18,2024-10-24 14:59:33,5341,2024-10-24 14:59:33
37,78,2024-10-24 14:59:33,5342,2024-10-24 14:59:33
37,34,2024-10-24 14:59:33,5343,2024-10-24 14:59:33
37,20,2024-10-24 14:59:33,5344,2024-10-24 14:59:33
37,61,2024-10-24 14:59:33,5345,2024-10-24 14:59:33
37,21,2024-10-24 14:59:33,5346,2024-10-24 14:59:33
37,49,2024-10-24 14:59:33,5347,2024-10-24 14:59:33
37,50,2024-10-24 14:59:33,5348,2024-10-24 14:59:33
37,41,2024-10-24 14:59:33,5349,2024-10-24 14:59:33
37,38,2024-10-24 14:59:33,5350,2024-10-24 14:59:33
37,75,2024-10-24 14:59:33,5351,2024-10-24 14:59:33
37,70,2024-10-24 14:59:33,5352,2024-10-24 14:59:33
37,36,2024-10-24 14:59:33,5353,2024-10-24 14:59:33
37,1,2024-10-24 14:59:33,5354,2024-10-24 14:59:33
37,72,2024-10-24 14:59:33,5355,2024-10-24 14:59:33
37,6,2024-10-24 14:59:33,5356,2024-10-24 14:59:33
37,10,2024-10-24 14:59:33,5357,2024-10-24 14:59:33
37,44,2024-10-24 14:59:33,5358,2024-10-24 14:59:33
37,74,2024-10-24 14:59:33,5359,2024-10-24 14:59:33
37,8,2024-10-24 14:59:33,5360,2024-10-24 14:59:33
37,37,2024-10-24 14:59:33,5361,2024-10-24 14:59:33
37,12,2024-10-24 14:59:33,5362,2024-10-24 14:59:33
37,81,2024-10-24 14:59:33,5363,2024-10-24 14:59:33
37,69,2024-10-24 14:59:33,5364,2024-10-24 14:59:33
37,15,2024-10-24 14:59:33,5365,2024-10-24 14:59:33
37,46,2024-10-24 14:59:33,5366,2024-10-24 14:59:33
37,77,2024-10-24 14:59:33,5367,2024-10-24 14:59:33
37,23,2024-10-24 14:59:33,5368,2024-10-24 14:59:33
37,33,2024-10-24 14:59:33,5369,2024-10-24 14:59:33
37,29,2024-10-24 14:59:33,5370,2024-10-24 14:59:33
37,42,2024-10-24 14:59:33,5371,2024-10-24 14:59:33
37,47,2024-10-24 14:59:33,5372,2024-10-24 14:59:33
37,4,2024-10-24 14:59:33,5373,2024-10-24 14:59:33
37,31,2024-10-24 14:59:33,5374,2024-10-24 14:59:33
37,60,2024-10-24 14:59:33,5375,2024-10-24 14:59:33
37,52,2024-10-24 14:59:33,5376,2024-10-24 14:59:33
38,40,2024-10-24 14:59:43,5377,2024-10-24 14:59:43
38,2,2024-10-24 14:59:43,5378,2024-10-24 14:59:43
38,14,2024-10-24 14:59:43,5379,2024-10-24 14:59:43
38,13,2024-10-24 14:59:43,5380,2024-10-24 14:59:43
38,53,2024-10-24 14:59:43,5381,2024-10-24 14:59:43
38,64,2024-10-24 14:59:43,5382,2024-10-24 14:59:43
38,11,2024-10-24 14:59:43,5383,2024-10-24 14:59:43
38,73,2024-10-24 14:59:43,5384,2024-10-24 14:59:43
38,62,2024-10-24 14:59:43,5385,2024-10-24 14:59:43
38,35,2024-10-24 14:59:43,5386,2024-10-24 14:59:43
38,71,2024-10-24 14:59:43,5387,2024-10-24 14:59:43
38,43,2024-10-24 14:59:43,5388,2024-10-24 14:59:43
38,27,2024-10-24 14:59:43,5389,2024-10-24 14:59:43
38,79,2024-10-24 14:59:43,5390,2024-10-24 14:59:43
38,51,2024-10-24 14:59:43,5391,2024-10-24 14:59:43
38,32,2024-10-24 14:59:43,5392,2024-10-24 14:59:43
38,7,2024-10-24 14:59:43,5393,2024-10-24 14:59:43
38,55,2024-10-24 14:59:43,5394,2024-10-24 14:59:43
38,80,2024-10-24 14:59:43,5395,2024-10-24 14:59:43
38,65,2024-10-24 14:59:43,5396,2024-10-24 14:59:43
38,57,2024-10-24 14:59:43,5397,2024-10-24 14:59:43
38,54,2024-10-24 14:59:43,5398,2024-10-24 14:59:43
38,76,2024-10-24 14:59:43,5399,2024-10-24 14:59:43
38,68,2024-10-24 14:59:43,5400,2024-10-24 14:59:43
38,25,2024-10-24 14:59:43,5401,2024-10-24 14:59:43
38,24,2024-10-24 14:59:43,5402,2024-10-24 14:59:43
38,66,2024-10-24 14:59:43,5403,2024-10-24 14:59:43
38,18,2024-10-24 14:59:43,5404,2024-10-24 14:59:43
38,78,2024-10-24 14:59:43,5405,2024-10-24 14:59:43
38,34,2024-10-24 14:59:43,5406,2024-10-24 14:59:43
38,20,2024-10-24 14:59:43,5407,2024-10-24 14:59:43
38,61,2024-10-24 14:59:43,5408,2024-10-24 14:59:43
38,21,2024-10-24 14:59:43,5409,2024-10-24 14:59:43
38,49,2024-10-24 14:59:43,5410,2024-10-24 14:59:43
38,50,2024-10-24 14:59:43,5411,2024-10-24 14:59:43
38,41,2024-10-24 14:59:43,5412,2024-10-24 14:59:43
38,38,2024-10-24 14:59:43,5413,2024-10-24 14:59:43
38,75,2024-10-24 14:59:43,5414,2024-10-24 14:59:43
38,70,2024-10-24 14:59:43,5415,2024-10-24 14:59:43
38,36,2024-10-24 14:59:43,5416,2024-10-24 14:59:43
38,1,2024-10-24 14:59:43,5417,2024-10-24 14:59:43
38,72,2024-10-24 14:59:43,5418,2024-10-24 14:59:43
38,6,2024-10-24 14:59:43,5419,2024-10-24 14:59:43
38,10,2024-10-24 14:59:43,5420,2024-10-24 14:59:43
38,44,2024-10-24 14:59:43,5421,2024-10-24 14:59:43
38,74,2024-10-24 14:59:43,5422,2024-10-24 14:59:43
38,8,2024-10-24 14:59:43,5423,2024-10-24 14:59:43
38,37,2024-10-24 14:59:43,5424,2024-10-24 14:59:43
38,12,2024-10-24 14:59:43,5425,2024-10-24 14:59:43
38,81,2024-10-24 14:59:43,5426,2024-10-24 14:59:43
38,69,2024-10-24 14:59:43,5427,2024-10-24 14:59:43
38,15,2024-10-24 14:59:43,5428,2024-10-24 14:59:43
38,46,2024-10-24 14:59:43,5429,2024-10-24 14:59:43
38,77,2024-10-24 14:59:43,5430,2024-10-24 14:59:43
38,23,2024-10-24 14:59:43,5431,2024-10-24 14:59:43
38,33,2024-10-24 14:59:43,5432,2024-10-24 14:59:43
38,29,2024-10-24 14:59:43,5433,2024-10-24 14:59:43
38,42,2024-10-24 14:59:43,5434,2024-10-24 14:59:43
38,47,2024-10-24 14:59:43,5435,2024-10-24 14:59:43
38,4,2024-10-24 14:59:43,5436,2024-10-24 14:59:43
38,31,2024-10-24 14:59:43,5437,2024-10-24 14:59:43
38,60,2024-10-24 14:59:43,5438,2024-10-24 14:59:43
38,52,2024-10-24 14:59:43,5439,2024-10-24 14:59:43
39,40,2024-10-24 14:59:53,5440,2024-10-24 14:59:53
39,2,2024-10-24 14:59:53,5441,2024-10-24 14:59:53
39,14,2024-10-24 14:59:53,5442,2024-10-24 14:59:53
39,13,2024-10-24 14:59:53,5443,2024-10-24 14:59:53
39,53,2024-10-24 14:59:53,5444,2024-10-24 14:59:53
39,64,2024-10-24 14:59:53,5445,2024-10-24 14:59:53
39,11,2024-10-24 14:59:53,5446,2024-10-24 14:59:53
39,73,2024-10-24 14:59:53,5447,2024-10-24 14:59:53
39,62,2024-10-24 14:59:53,5448,2024-10-24 14:59:53
39,35,2024-10-24 14:59:53,5449,2024-10-24 14:59:53
39,71,2024-10-24 14:59:53,5450,2024-10-24 14:59:53
39,43,2024-10-24 14:59:53,5451,2024-10-24 14:59:53
39,27,2024-10-24 14:59:53,5452,2024-10-24 14:59:53
39,79,2024-10-24 14:59:53,5453,2024-10-24 14:59:53
39,51,2024-10-24 14:59:53,5454,2024-10-24 14:59:53
39,32,2024-10-24 14:59:53,5455,2024-10-24 14:59:53
39,7,2024-10-24 14:59:53,5456,2024-10-24 14:59:53
39,55,2024-10-24 14:59:53,5457,2024-10-24 14:59:53
39,80,2024-10-24 14:59:53,5458,2024-10-24 14:59:53
39,65,2024-10-24 14:59:53,5459,2024-10-24 14:59:53
39,57,2024-10-24 14:59:53,5460,2024-10-24 14:59:53
39,54,2024-10-24 14:59:53,5461,2024-10-24 14:59:53
39,76,2024-10-24 14:59:53,5462,2024-10-24 14:59:53
39,68,2024-10-24 14:59:53,5463,2024-10-24 14:59:53
39,25,2024-10-24 14:59:53,5464,2024-10-24 14:59:53
39,24,2024-10-24 14:59:53,5465,2024-10-24 14:59:53
39,66,2024-10-24 14:59:53,5466,2024-10-24 14:59:53
39,18,2024-10-24 14:59:53,5467,2024-10-24 14:59:53
39,78,2024-10-24 14:59:53,5468,2024-10-24 14:59:53
39,34,2024-10-24 14:59:53,5469,2024-10-24 14:59:53
39,20,2024-10-24 14:59:53,5470,2024-10-24 14:59:53
39,61,2024-10-24 14:59:53,5471,2024-10-24 14:59:53
39,21,2024-10-24 14:59:53,5472,2024-10-24 14:59:53
39,49,2024-10-24 14:59:53,5473,2024-10-24 14:59:53
39,50,2024-10-24 14:59:53,5474,2024-10-24 14:59:53
39,41,2024-10-24 14:59:53,5475,2024-10-24 14:59:53
39,38,2024-10-24 14:59:53,5476,2024-10-24 14:59:53
39,75,2024-10-24 14:59:53,5477,2024-10-24 14:59:53
39,70,2024-10-24 14:59:53,5478,2024-10-24 14:59:53
39,36,2024-10-24 14:59:53,5479,2024-10-24 14:59:53
39,1,2024-10-24 14:59:53,5480,2024-10-24 14:59:53
39,72,2024-10-24 14:59:53,5481,2024-10-24 14:59:53
39,6,2024-10-24 14:59:53,5482,2024-10-24 14:59:53
39,10,2024-10-24 14:59:53,5483,2024-10-24 14:59:53
39,44,2024-10-24 14:59:53,5484,2024-10-24 14:59:53
39,74,2024-10-24 14:59:53,5485,2024-10-24 14:59:53
39,8,2024-10-24 14:59:53,5486,2024-10-24 14:59:53
39,37,2024-10-24 14:59:53,5487,2024-10-24 14:59:53
39,12,2024-10-24 14:59:53,5488,2024-10-24 14:59:53
39,81,2024-10-24 14:59:53,5489,2024-10-24 14:59:53
39,69,2024-10-24 14:59:53,5490,2024-10-24 14:59:53
39,15,2024-10-24 14:59:53,5491,2024-10-24 14:59:53
39,46,2024-10-24 14:59:53,5492,2024-10-24 14:59:53
39,77,2024-10-24 14:59:53,5493,2024-10-24 14:59:53
39,23,2024-10-24 14:59:53,5494,2024-10-24 14:59:53
39,33,2024-10-24 14:59:53,5495,2024-10-24 14:59:53
39,29,2024-10-24 14:59:53,5496,2024-10-24 14:59:53
39,42,2024-10-24 14:59:53,5497,2024-10-24 14:59:53
39,47,2024-10-24 14:59:53,5498,2024-10-24 14:59:53
39,4,2024-10-24 14:59:53,5499,2024-10-24 14:59:53
39,31,2024-10-24 14:59:53,5500,2024-10-24 14:59:53
39,60,2024-10-24 14:59:53,5501,2024-10-24 14:59:53
39,52,2024-10-24 14:59:53,5502,2024-10-24 14:59:53
40,40,2024-10-24 14:59:59,5503,2024-10-24 14:59:59
40,2,2024-10-24 14:59:59,5504,2024-10-24 14:59:59
40,14,2024-10-24 14:59:59,5505,2024-10-24 14:59:59
40,13,2024-10-24 14:59:59,5506,2024-10-24 14:59:59
40,53,2024-10-24 14:59:59,5507,2024-10-24 14:59:59
40,64,2024-10-24 14:59:59,5508,2024-10-24 14:59:59
40,11,2024-10-24 14:59:59,5509,2024-10-24 14:59:59
40,73,2024-10-24 14:59:59,5510,2024-10-24 14:59:59
40,62,2024-10-24 14:59:59,5511,2024-10-24 14:59:59
40,35,2024-10-24 14:59:59,5512,2024-10-24 14:59:59
40,71,2024-10-24 14:59:59,5513,2024-10-24 14:59:59
40,43,2024-10-24 14:59:59,5514,2024-10-24 14:59:59
40,27,2024-10-24 14:59:59,5515,2024-10-24 14:59:59
40,79,2024-10-24 14:59:59,5516,2024-10-24 14:59:59
40,51,2024-10-24 14:59:59,5517,2024-10-24 14:59:59
40,32,2024-10-24 14:59:59,5518,2024-10-24 14:59:59
40,7,2024-10-24 14:59:59,5519,2024-10-24 14:59:59
40,55,2024-10-24 14:59:59,5520,2024-10-24 14:59:59
40,80,2024-10-24 14:59:59,5521,2024-10-24 14:59:59
40,65,2024-10-24 14:59:59,5522,2024-10-24 14:59:59
40,57,2024-10-24 14:59:59,5523,2024-10-24 14:59:59
40,54,2024-10-24 14:59:59,5524,2024-10-24 14:59:59
40,76,2024-10-24 14:59:59,5525,2024-10-24 14:59:59
40,68,2024-10-24 14:59:59,5526,2024-10-24 14:59:59
40,25,2024-10-24 14:59:59,5527,2024-10-24 14:59:59
40,24,2024-10-24 14:59:59,5528,2024-10-24 14:59:59
40,66,2024-10-24 14:59:59,5529,2024-10-24 14:59:59
40,18,2024-10-24 14:59:59,5530,2024-10-24 14:59:59
40,78,2024-10-24 14:59:59,5531,2024-10-24 14:59:59
40,34,2024-10-24 14:59:59,5532,2024-10-24 14:59:59
40,20,2024-10-24 14:59:59,5533,2024-10-24 14:59:59
40,61,2024-10-24 14:59:59,5534,2024-10-24 14:59:59
40,21,2024-10-24 14:59:59,5535,2024-10-24 14:59:59
40,49,2024-10-24 14:59:59,5536,2024-10-24 14:59:59
40,50,2024-10-24 14:59:59,5537,2024-10-24 14:59:59
40,41,2024-10-24 14:59:59,5538,2024-10-24 14:59:59
40,38,2024-10-24 14:59:59,5539,2024-10-24 14:59:59
40,75,2024-10-24 14:59:59,5540,2024-10-24 14:59:59
40,70,2024-10-24 14:59:59,5541,2024-10-24 14:59:59
40,36,2024-10-24 14:59:59,5542,2024-10-24 14:59:59
40,1,2024-10-24 14:59:59,5543,2024-10-24 14:59:59
40,72,2024-10-24 14:59:59,5544,2024-10-24 14:59:59
40,6,2024-10-24 14:59:59,5545,2024-10-24 14:59:59
40,10,2024-10-24 14:59:59,5546,2024-10-24 14:59:59
40,44,2024-10-24 14:59:59,5547,2024-10-24 14:59:59
40,74,2024-10-24 14:59:59,5548,2024-10-24 14:59:59
40,8,2024-10-24 14:59:59,5549,2024-10-24 14:59:59
40,37,2024-10-24 14:59:59,5550,2024-10-24 14:59:59
40,12,2024-10-24 14:59:59,5551,2024-10-24 14:59:59
40,81,2024-10-24 14:59:59,5552,2024-10-24 14:59:59
40,69,2024-10-24 14:59:59,5553,2024-10-24 14:59:59
40,15,2024-10-24 14:59:59,5554,2024-10-24 14:59:59
40,46,2024-10-24 14:59:59,5555,2024-10-24 14:59:59
40,77,2024-10-24 14:59:59,5556,2024-10-24 14:59:59
40,23,2024-10-24 14:59:59,5557,2024-10-24 14:59:59
40,33,2024-10-24 14:59:59,5558,2024-10-24 14:59:59
40,29,2024-10-24 14:59:59,5559,2024-10-24 14:59:59
40,42,2024-10-24 14:59:59,5560,2024-10-24 14:59:59
40,47,2024-10-24 14:59:59,5561,2024-10-24 14:59:59
40,4,2024-10-24 14:59:59,5562,2024-10-24 14:59:59
40,31,2024-10-24 14:59:59,5563,2024-10-24 14:59:59
40,60,2024-10-24 14:59:59,5564,2024-10-24 14:59:59
40,52,2024-10-24 14:59:59,5565,2024-10-24 14:59:59
41,40,2024-10-24 15:00:07,5566,2024-10-24 15:00:07
41,2,2024-10-24 15:00:07,5567,2024-10-24 15:00:07
41,14,2024-10-24 15:00:07,5568,2024-10-24 15:00:07
41,13,2024-10-24 15:00:07,5569,2024-10-24 15:00:07
41,53,2024-10-24 15:00:07,5570,2024-10-24 15:00:07
41,64,2024-10-24 15:00:07,5571,2024-10-24 15:00:07
41,11,2024-10-24 15:00:07,5572,2024-10-24 15:00:07
41,73,2024-10-24 15:00:07,5573,2024-10-24 15:00:07
41,62,2024-10-24 15:00:07,5574,2024-10-24 15:00:07
41,35,2024-10-24 15:00:07,5575,2024-10-24 15:00:07
41,71,2024-10-24 15:00:07,5576,2024-10-24 15:00:07
41,43,2024-10-24 15:00:07,5577,2024-10-24 15:00:07
41,27,2024-10-24 15:00:07,5578,2024-10-24 15:00:07
41,79,2024-10-24 15:00:07,5579,2024-10-24 15:00:07
41,51,2024-10-24 15:00:07,5580,2024-10-24 15:00:07
41,32,2024-10-24 15:00:07,5581,2024-10-24 15:00:07
41,7,2024-10-24 15:00:07,5582,2024-10-24 15:00:07
41,55,2024-10-24 15:00:07,5583,2024-10-24 15:00:07
41,80,2024-10-24 15:00:07,5584,2024-10-24 15:00:07
41,65,2024-10-24 15:00:07,5585,2024-10-24 15:00:07
41,57,2024-10-24 15:00:07,5586,2024-10-24 15:00:07
41,54,2024-10-24 15:00:07,5587,2024-10-24 15:00:07
41,76,2024-10-24 15:00:07,5588,2024-10-24 15:00:07
41,68,2024-10-24 15:00:07,5589,2024-10-24 15:00:07
41,25,2024-10-24 15:00:07,5590,2024-10-24 15:00:07
41,24,2024-10-24 15:00:07,5591,2024-10-24 15:00:07
41,66,2024-10-24 15:00:07,5592,2024-10-24 15:00:07
41,18,2024-10-24 15:00:07,5593,2024-10-24 15:00:07
41,78,2024-10-24 15:00:07,5594,2024-10-24 15:00:07
41,34,2024-10-24 15:00:07,5595,2024-10-24 15:00:07
41,20,2024-10-24 15:00:07,5596,2024-10-24 15:00:07
41,61,2024-10-24 15:00:07,5597,2024-10-24 15:00:07
41,21,2024-10-24 15:00:07,5598,2024-10-24 15:00:07
41,49,2024-10-24 15:00:07,5599,2024-10-24 15:00:07
41,50,2024-10-24 15:00:07,5600,2024-10-24 15:00:07
41,41,2024-10-24 15:00:07,5601,2024-10-24 15:00:07
41,38,2024-10-24 15:00:07,5602,2024-10-24 15:00:07
41,75,2024-10-24 15:00:07,5603,2024-10-24 15:00:07
41,70,2024-10-24 15:00:07,5604,2024-10-24 15:00:07
41,36,2024-10-24 15:00:07,5605,2024-10-24 15:00:07
41,1,2024-10-24 15:00:07,5606,2024-10-24 15:00:07
41,72,2024-10-24 15:00:07,5607,2024-10-24 15:00:07
41,6,2024-10-24 15:00:07,5608,2024-10-24 15:00:07
41,10,2024-10-24 15:00:07,5609,2024-10-24 15:00:07
41,44,2024-10-24 15:00:07,5610,2024-10-24 15:00:07
41,74,2024-10-24 15:00:07,5611,2024-10-24 15:00:07
41,8,2024-10-24 15:00:07,5612,2024-10-24 15:00:07
41,37,2024-10-24 15:00:07,5613,2024-10-24 15:00:07
41,12,2024-10-24 15:00:07,5614,2024-10-24 15:00:07
41,81,2024-10-24 15:00:07,5615,2024-10-24 15:00:07
41,69,2024-10-24 15:00:07,5616,2024-10-24 15:00:07
41,15,2024-10-24 15:00:07,5617,2024-10-24 15:00:07
41,46,2024-10-24 15:00:07,5618,2024-10-24 15:00:07
41,77,2024-10-24 15:00:07,5619,2024-10-24 15:00:07
41,23,2024-10-24 15:00:07,5620,2024-10-24 15:00:07
41,33,2024-10-24 15:00:07,5621,2024-10-24 15:00:07
41,29,2024-10-24 15:00:07,5622,2024-10-24 15:00:07
41,42,2024-10-24 15:00:07,5623,2024-10-24 15:00:07
41,47,2024-10-24 15:00:07,5624,2024-10-24 15:00:07
41,4,2024-10-24 15:00:07,5625,2024-10-24 15:00:07
41,31,2024-10-24 15:00:07,5626,2024-10-24 15:00:07
41,60,2024-10-24 15:00:07,5627,2024-10-24 15:00:07
41,52,2024-10-24 15:00:07,5628,2024-10-24 15:00:07
42,40,2024-10-24 15:00:21,5629,2024-10-24 15:00:21
42,2,2024-10-24 15:00:21,5630,2024-10-24 15:00:21
42,14,2024-10-24 15:00:21,5631,2024-10-24 15:00:21
42,13,2024-10-24 15:00:21,5632,2024-10-24 15:00:21
42,53,2024-10-24 15:00:21,5633,2024-10-24 15:00:21
42,64,2024-10-24 15:00:21,5634,2024-10-24 15:00:21
42,11,2024-10-24 15:00:21,5635,2024-10-24 15:00:21
42,73,2024-10-24 15:00:21,5636,2024-10-24 15:00:21
42,62,2024-10-24 15:00:21,5637,2024-10-24 15:00:21
42,35,2024-10-24 15:00:21,5638,2024-10-24 15:00:21
42,71,2024-10-24 15:00:21,5639,2024-10-24 15:00:21
42,43,2024-10-24 15:00:21,5640,2024-10-24 15:00:21
42,27,2024-10-24 15:00:21,5641,2024-10-24 15:00:21
42,79,2024-10-24 15:00:21,5642,2024-10-24 15:00:21
42,51,2024-10-24 15:00:21,5643,2024-10-24 15:00:21
42,32,2024-10-24 15:00:21,5644,2024-10-24 15:00:21
42,7,2024-10-24 15:00:21,5645,2024-10-24 15:00:21
42,55,2024-10-24 15:00:21,5646,2024-10-24 15:00:21
42,80,2024-10-24 15:00:21,5647,2024-10-24 15:00:21
42,65,2024-10-24 15:00:21,5648,2024-10-24 15:00:21
42,57,2024-10-24 15:00:21,5649,2024-10-24 15:00:21
42,54,2024-10-24 15:00:21,5650,2024-10-24 15:00:21
42,76,2024-10-24 15:00:21,5651,2024-10-24 15:00:21
42,68,2024-10-24 15:00:21,5652,2024-10-24 15:00:21
42,25,2024-10-24 15:00:21,5653,2024-10-24 15:00:21
42,24,2024-10-24 15:00:21,5654,2024-10-24 15:00:21
42,66,2024-10-24 15:00:21,5655,2024-10-24 15:00:21
42,18,2024-10-24 15:00:21,5656,2024-10-24 15:00:21
42,78,2024-10-24 15:00:21,5657,2024-10-24 15:00:21
42,34,2024-10-24 15:00:21,5658,2024-10-24 15:00:21
42,20,2024-10-24 15:00:21,5659,2024-10-24 15:00:21
42,61,2024-10-24 15:00:21,5660,2024-10-24 15:00:21
42,21,2024-10-24 15:00:21,5661,2024-10-24 15:00:21
42,49,2024-10-24 15:00:21,5662,2024-10-24 15:00:21
42,50,2024-10-24 15:00:21,5663,2024-10-24 15:00:21
42,41,2024-10-24 15:00:21,5664,2024-10-24 15:00:21
42,38,2024-10-24 15:00:21,5665,2024-10-24 15:00:21
42,75,2024-10-24 15:00:21,5666,2024-10-24 15:00:21
42,70,2024-10-24 15:00:21,5667,2024-10-24 15:00:21
42,36,2024-10-24 15:00:21,5668,2024-10-24 15:00:21
42,1,2024-10-24 15:00:21,5669,2024-10-24 15:00:21
42,72,2024-10-24 15:00:21,5670,2024-10-24 15:00:21
42,6,2024-10-24 15:00:21,5671,2024-10-24 15:00:21
42,10,2024-10-24 15:00:21,5672,2024-10-24 15:00:21
42,44,2024-10-24 15:00:21,5673,2024-10-24 15:00:21
42,74,2024-10-24 15:00:21,5674,2024-10-24 15:00:21
42,8,2024-10-24 15:00:21,5675,2024-10-24 15:00:21
42,37,2024-10-24 15:00:21,5676,2024-10-24 15:00:21
42,12,2024-10-24 15:00:21,5677,2024-10-24 15:00:21
42,81,2024-10-24 15:00:21,5678,2024-10-24 15:00:21
42,69,2024-10-24 15:00:21,5679,2024-10-24 15:00:21
42,15,2024-10-24 15:00:21,5680,2024-10-24 15:00:21
42,46,2024-10-24 15:00:21,5681,2024-10-24 15:00:21
42,77,2024-10-24 15:00:21,5682,2024-10-24 15:00:21
42,23,2024-10-24 15:00:21,5683,2024-10-24 15:00:21
42,33,2024-10-24 15:00:21,5684,2024-10-24 15:00:21
42,29,2024-10-24 15:00:21,5685,2024-10-24 15:00:21
42,42,2024-10-24 15:00:21,5686,2024-10-24 15:00:21
42,47,2024-10-24 15:00:21,5687,2024-10-24 15:00:21
42,4,2024-10-24 15:00:21,5688,2024-10-24 15:00:21
42,31,2024-10-24 15:00:21,5689,2024-10-24 15:00:21
42,60,2024-10-24 15:00:21,5690,2024-10-24 15:00:21
42,52,2024-10-24 15:00:21,5691,2024-10-24 15:00:21
8,40,2024-10-24 16:16:22,5692,2024-10-24 16:16:22
8,2,2024-10-24 16:16:22,5693,2024-10-24 16:16:22
8,14,2024-10-24 16:16:22,5694,2024-10-24 16:16:22
8,13,2024-10-24 16:16:22,5695,2024-10-24 16:16:22
8,53,2024-10-24 16:16:22,5696,2024-10-24 16:16:22
8,64,2024-10-24 16:16:22,5697,2024-10-24 16:16:22
8,11,2024-10-24 16:16:22,5698,2024-10-24 16:16:22
8,73,2024-10-24 16:16:22,5699,2024-10-24 16:16:22
8,62,2024-10-24 16:16:22,5700,2024-10-24 16:16:22
8,35,2024-10-24 16:16:22,5701,2024-10-24 16:16:22
8,71,2024-10-24 16:16:22,5702,2024-10-24 16:16:22
8,43,2024-10-24 16:16:22,5703,2024-10-24 16:16:22
8,27,2024-10-24 16:16:22,5704,2024-10-24 16:16:22
8,79,2024-10-24 16:16:22,5705,2024-10-24 16:16:22
8,51,2024-10-24 16:16:22,5706,2024-10-24 16:16:22
8,32,2024-10-24 16:16:22,5707,2024-10-24 16:16:22
8,7,2024-10-24 16:16:22,5708,2024-10-24 16:16:22
8,55,2024-10-24 16:16:22,5709,2024-10-24 16:16:22
8,80,2024-10-24 16:16:22,5710,2024-10-24 16:16:22
8,65,2024-10-24 16:16:22,5711,2024-10-24 16:16:22
8,57,2024-10-24 16:16:22,5712,2024-10-24 16:16:22
8,54,2024-10-24 16:16:22,5713,2024-10-24 16:16:22
8,76,2024-10-24 16:16:22,5714,2024-10-24 16:16:22
8,68,2024-10-24 16:16:22,5715,2024-10-24 16:16:22
8,25,2024-10-24 16:16:22,5716,2024-10-24 16:16:22
8,24,2024-10-24 16:16:22,5717,2024-10-24 16:16:22
8,66,2024-10-24 16:16:22,5718,2024-10-24 16:16:22
8,18,2024-10-24 16:16:22,5719,2024-10-24 16:16:22
8,78,2024-10-24 16:16:22,5720,2024-10-24 16:16:22
8,34,2024-10-24 16:16:22,5721,2024-10-24 16:16:22
8,20,2024-10-24 16:16:22,5722,2024-10-24 16:16:22
8,61,2024-10-24 16:16:22,5723,2024-10-24 16:16:22
8,21,2024-10-24 16:16:22,5724,2024-10-24 16:16:22
8,49,2024-10-24 16:16:22,5725,2024-10-24 16:16:22
8,50,2024-10-24 16:16:22,5726,2024-10-24 16:16:22
8,41,2024-10-24 16:16:22,5727,2024-10-24 16:16:22
8,38,2024-10-24 16:16:22,5728,2024-10-24 16:16:22
8,75,2024-10-24 16:16:22,5729,2024-10-24 16:16:22
8,70,2024-10-24 16:16:22,5730,2024-10-24 16:16:22
8,36,2024-10-24 16:16:22,5731,2024-10-24 16:16:22
8,1,2024-10-24 16:16:22,5732,2024-10-24 16:16:22
8,72,2024-10-24 16:16:22,5733,2024-10-24 16:16:22
8,6,2024-10-24 16:16:22,5734,2024-10-24 16:16:22
8,10,2024-10-24 16:16:22,5735,2024-10-24 16:16:22
8,44,2024-10-24 16:16:22,5736,2024-10-24 16:16:22
8,74,2024-10-24 16:16:22,5737,2024-10-24 16:16:22
8,8,2024-10-24 16:16:22,5738,2024-10-24 16:16:22
8,37,2024-10-24 16:16:22,5739,2024-10-24 16:16:22
8,12,2024-10-24 16:16:22,5740,2024-10-24 16:16:22
8,81,2024-10-24 16:16:22,5741,2024-10-24 16:16:22
8,69,2024-10-24 16:16:22,5742,2024-10-24 16:16:22
8,15,2024-10-24 16:16:22,5743,2024-10-24 16:16:22
8,46,2024-10-24 16:16:22,5744,2024-10-24 16:16:22
8,77,2024-10-24 16:16:22,5745,2024-10-24 16:16:22
8,23,2024-10-24 16:16:22,5746,2024-10-24 16:16:22
8,33,2024-10-24 16:16:22,5747,2024-10-24 16:16:22
8,29,2024-10-24 16:16:22,5748,2024-10-24 16:16:22
8,42,2024-10-24 16:16:22,5749,2024-10-24 16:16:22
8,47,2024-10-24 16:16:22,5750,2024-10-24 16:16:22
8,4,2024-10-24 16:16:22,5751,2024-10-24 16:16:22
8,31,2024-10-24 16:16:22,5752,2024-10-24 16:16:22
8,60,2024-10-24 16:16:22,5753,2024-10-24 16:16:22
8,52,2024-10-24 16:16:22,5754,2024-10-24 16:16:22
9,40,2024-10-24 16:16:45,5755,2024-10-24 16:16:45
9,2,2024-10-24 16:16:45,5756,2024-10-24 16:16:45
9,14,2024-10-24 16:16:45,5757,2024-10-24 16:16:45
9,13,2024-10-24 16:16:45,5758,2024-10-24 16:16:45
9,53,2024-10-24 16:16:45,5759,2024-10-24 16:16:45
9,64,2024-10-24 16:16:45,5760,2024-10-24 16:16:45
9,11,2024-10-24 16:16:45,5761,2024-10-24 16:16:45
9,73,2024-10-24 16:16:45,5762,2024-10-24 16:16:45
9,62,2024-10-24 16:16:45,5763,2024-10-24 16:16:45
9,35,2024-10-24 16:16:45,5764,2024-10-24 16:16:45
9,71,2024-10-24 16:16:45,5765,2024-10-24 16:16:45
9,43,2024-10-24 16:16:45,5766,2024-10-24 16:16:45
9,27,2024-10-24 16:16:45,5767,2024-10-24 16:16:45
9,79,2024-10-24 16:16:45,5768,2024-10-24 16:16:45
9,51,2024-10-24 16:16:45,5769,2024-10-24 16:16:45
9,32,2024-10-24 16:16:45,5770,2024-10-24 16:16:45
9,7,2024-10-24 16:16:45,5771,2024-10-24 16:16:45
9,55,2024-10-24 16:16:45,5772,2024-10-24 16:16:45
9,80,2024-10-24 16:16:45,5773,2024-10-24 16:16:45
9,65,2024-10-24 16:16:45,5774,2024-10-24 16:16:45
9,57,2024-10-24 16:16:45,5775,2024-10-24 16:16:45
9,54,2024-10-24 16:16:45,5776,2024-10-24 16:16:45
9,76,2024-10-24 16:16:45,5777,2024-10-24 16:16:45
9,68,2024-10-24 16:16:45,5778,2024-10-24 16:16:45
9,25,2024-10-24 16:16:45,5779,2024-10-24 16:16:45
9,24,2024-10-24 16:16:45,5780,2024-10-24 16:16:45
9,66,2024-10-24 16:16:45,5781,2024-10-24 16:16:45
9,18,2024-10-24 16:16:45,5782,2024-10-24 16:16:45
9,78,2024-10-24 16:16:45,5783,2024-10-24 16:16:45
9,34,2024-10-24 16:16:45,5784,2024-10-24 16:16:45
9,20,2024-10-24 16:16:45,5785,2024-10-24 16:16:45
9,61,2024-10-24 16:16:45,5786,2024-10-24 16:16:45
9,21,2024-10-24 16:16:45,5787,2024-10-24 16:16:45
9,49,2024-10-24 16:16:45,5788,2024-10-24 16:16:45
9,50,2024-10-24 16:16:45,5789,2024-10-24 16:16:45
9,41,2024-10-24 16:16:45,5790,2024-10-24 16:16:45
9,38,2024-10-24 16:16:45,5791,2024-10-24 16:16:45
9,75,2024-10-24 16:16:45,5792,2024-10-24 16:16:45
9,70,2024-10-24 16:16:45,5793,2024-10-24 16:16:45
9,36,2024-10-24 16:16:45,5794,2024-10-24 16:16:45
9,1,2024-10-24 16:16:45,5795,2024-10-24 16:16:45
9,72,2024-10-24 16:16:45,5796,2024-10-24 16:16:45
9,6,2024-10-24 16:16:45,5797,2024-10-24 16:16:45
9,10,2024-10-24 16:16:45,5798,2024-10-24 16:16:45
9,44,2024-10-24 16:16:45,5799,2024-10-24 16:16:45
9,74,2024-10-24 16:16:45,5800,2024-10-24 16:16:45
9,8,2024-10-24 16:16:45,5801,2024-10-24 16:16:45
9,37,2024-10-24 16:16:45,5802,2024-10-24 16:16:45
9,12,2024-10-24 16:16:45,5803,2024-10-24 16:16:45
9,81,2024-10-24 16:16:45,5804,2024-10-24 16:16:45
9,69,2024-10-24 16:16:45,5805,2024-10-24 16:16:45
9,15,2024-10-24 16:16:45,5806,2024-10-24 16:16:45
9,46,2024-10-24 16:16:45,5807,2024-10-24 16:16:45
9,77,2024-10-24 16:16:45,5808,2024-10-24 16:16:45
9,23,2024-10-24 16:16:45,5809,2024-10-24 16:16:45
9,33,2024-10-24 16:16:45,5810,2024-10-24 16:16:45
9,29,2024-10-24 16:16:45,5811,2024-10-24 16:16:45
9,42,2024-10-24 16:16:45,5812,2024-10-24 16:16:45
9,47,2024-10-24 16:16:45,5813,2024-10-24 16:16:45
9,4,2024-10-24 16:16:45,5814,2024-10-24 16:16:45
9,31,2024-10-24 16:16:45,5815,2024-10-24 16:16:45
9,60,2024-10-24 16:16:45,5816,2024-10-24 16:16:45
9,52,2024-10-24 16:16:45,5817,2024-10-24 16:16:45
43,40,2024-10-24 16:18:53,5818,2024-10-24 16:18:53
43,2,2024-10-24 16:18:53,5819,2024-10-24 16:18:53
43,14,2024-10-24 16:18:53,5820,2024-10-24 16:18:53
43,13,2024-10-24 16:18:53,5821,2024-10-24 16:18:53
43,53,2024-10-24 16:18:53,5822,2024-10-24 16:18:53
43,64,2024-10-24 16:18:53,5823,2024-10-24 16:18:53
43,11,2024-10-24 16:18:53,5824,2024-10-24 16:18:53
43,73,2024-10-24 16:18:53,5825,2024-10-24 16:18:53
43,62,2024-10-24 16:18:53,5826,2024-10-24 16:18:53
43,35,2024-10-24 16:18:53,5827,2024-10-24 16:18:53
43,71,2024-10-24 16:18:53,5828,2024-10-24 16:18:53
43,43,2024-10-24 16:18:53,5829,2024-10-24 16:18:53
43,27,2024-10-24 16:18:53,5830,2024-10-24 16:18:53
43,79,2024-10-24 16:18:53,5831,2024-10-24 16:18:53
43,51,2024-10-24 16:18:53,5832,2024-10-24 16:18:53
43,32,2024-10-24 16:18:53,5833,2024-10-24 16:18:53
43,7,2024-10-24 16:18:53,5834,2024-10-24 16:18:53
43,55,2024-10-24 16:18:53,5835,2024-10-24 16:18:53
43,80,2024-10-24 16:18:53,5836,2024-10-24 16:18:53
43,65,2024-10-24 16:18:53,5837,2024-10-24 16:18:53
43,57,2024-10-24 16:18:53,5838,2024-10-24 16:18:53
43,54,2024-10-24 16:18:53,5839,2024-10-24 16:18:53
43,76,2024-10-24 16:18:53,5840,2024-10-24 16:18:53
43,68,2024-10-24 16:18:53,5841,2024-10-24 16:18:53
43,25,2024-10-24 16:18:53,5842,2024-10-24 16:18:53
43,24,2024-10-24 16:18:53,5843,2024-10-24 16:18:53
43,66,2024-10-24 16:18:53,5844,2024-10-24 16:18:53
43,18,2024-10-24 16:18:53,5845,2024-10-24 16:18:53
43,78,2024-10-24 16:18:53,5846,2024-10-24 16:18:53
43,34,2024-10-24 16:18:53,5847,2024-10-24 16:18:53
43,20,2024-10-24 16:18:53,5848,2024-10-24 16:18:53
43,61,2024-10-24 16:18:53,5849,2024-10-24 16:18:53
43,21,2024-10-24 16:18:53,5850,2024-10-24 16:18:53
43,49,2024-10-24 16:18:53,5851,2024-10-24 16:18:53
43,50,2024-10-24 16:18:53,5852,2024-10-24 16:18:53
43,41,2024-10-24 16:18:53,5853,2024-10-24 16:18:53
43,38,2024-10-24 16:18:53,5854,2024-10-24 16:18:53
43,75,2024-10-24 16:18:53,5855,2024-10-24 16:18:53
43,70,2024-10-24 16:18:53,5856,2024-10-24 16:18:53
43,36,2024-10-24 16:18:53,5857,2024-10-24 16:18:53
43,1,2024-10-24 16:18:53,5858,2024-10-24 16:18:53
43,72,2024-10-24 16:18:53,5859,2024-10-24 16:18:53
43,6,2024-10-24 16:18:53,5860,2024-10-24 16:18:53
43,10,2024-10-24 16:18:53,5861,2024-10-24 16:18:53
43,44,2024-10-24 16:18:53,5862,2024-10-24 16:18:53
43,74,2024-10-24 16:18:53,5863,2024-10-24 16:18:53
43,8,2024-10-24 16:18:53,5864,2024-10-24 16:18:53
43,37,2024-10-24 16:18:53,5865,2024-10-24 16:18:53
43,12,2024-10-24 16:18:53,5866,2024-10-24 16:18:53
43,81,2024-10-24 16:18:53,5867,2024-10-24 16:18:53
43,69,2024-10-24 16:18:53,5868,2024-10-24 16:18:53
43,15,2024-10-24 16:18:53,5869,2024-10-24 16:18:53
43,46,2024-10-24 16:18:53,5870,2024-10-24 16:18:53
43,77,2024-10-24 16:18:53,5871,2024-10-24 16:18:53
43,23,2024-10-24 16:18:53,5872,2024-10-24 16:18:53
43,33,2024-10-24 16:18:53,5873,2024-10-24 16:18:53
43,29,2024-10-24 16:18:53,5874,2024-10-24 16:18:53
43,42,2024-10-24 16:18:53,5875,2024-10-24 16:18:53
43,47,2024-10-24 16:18:53,5876,2024-10-24 16:18:53
43,4,2024-10-24 16:18:53,5877,2024-10-24 16:18:53
43,31,2024-10-24 16:18:53,5878,2024-10-24 16:18:53
43,60,2024-10-24 16:18:53,5879,2024-10-24 16:18:53
43,52,2024-10-24 16:18:53,5880,2024-10-24 16:18:53
