id,created_at,updated_at,client_id,add_on_rule_id
22,2024-02-09 09:56:34,2024-02-09 09:56:34,40,6
23,2024-02-09 09:56:34,2024-02-09 09:56:34,2,6
24,2024-02-09 09:56:34,2024-02-09 09:56:34,14,6
25,2024-02-09 09:56:34,2024-02-09 09:56:34,13,6
26,2024-02-09 09:56:34,2024-02-09 09:56:34,53,6
27,2024-02-09 09:56:34,2024-02-09 09:56:34,64,6
28,2024-02-09 09:56:34,2024-02-09 09:56:34,11,6
29,2024-02-09 09:56:34,2024-02-09 09:56:34,73,6
30,2024-02-09 09:56:34,2024-02-09 09:56:34,62,6
31,2024-02-09 09:56:34,2024-02-09 09:56:34,35,6
32,2024-02-09 09:56:34,2024-02-09 09:56:34,71,6
33,2024-02-09 09:56:34,2024-02-09 09:56:34,43,6
34,2024-02-09 09:56:34,2024-02-09 09:56:34,27,6
35,2024-02-09 09:56:34,2024-02-09 09:56:34,79,6
36,2024-02-09 09:56:34,2024-02-09 09:56:34,51,6
37,2024-02-09 09:56:34,2024-02-09 09:56:34,32,6
38,2024-02-09 09:56:34,2024-02-09 09:56:34,7,6
39,2024-02-09 09:56:34,2024-02-09 09:56:34,55,6
40,2024-02-09 09:56:34,2024-02-09 09:56:34,80,6
41,2024-02-09 09:56:34,2024-02-09 09:56:34,65,6
42,2024-02-09 09:56:34,2024-02-09 09:56:34,57,6
43,2024-02-09 09:56:34,2024-02-09 09:56:34,54,6
44,2024-02-09 09:56:34,2024-02-09 09:56:34,76,6
45,2024-02-09 09:56:34,2024-02-09 09:56:34,68,6
46,2024-02-09 09:56:34,2024-02-09 09:56:34,25,6
47,2024-02-09 09:56:34,2024-02-09 09:56:34,24,6
48,2024-02-09 09:56:34,2024-02-09 09:56:34,66,6
49,2024-02-09 09:56:34,2024-02-09 09:56:34,18,6
50,2024-02-09 09:56:34,2024-02-09 09:56:34,78,6
51,2024-02-09 09:56:34,2024-02-09 09:56:34,34,6
52,2024-02-09 09:56:34,2024-02-09 09:56:34,20,6
53,2024-02-09 09:56:34,2024-02-09 09:56:34,61,6
54,2024-02-09 09:56:34,2024-02-09 09:56:34,21,6
55,2024-02-09 09:56:34,2024-02-09 09:56:34,49,6
56,2024-02-09 09:56:34,2024-02-09 09:56:34,50,6
57,2024-02-09 09:56:34,2024-02-09 09:56:34,41,6
58,2024-02-09 09:56:34,2024-02-09 09:56:34,38,6
59,2024-02-09 09:56:34,2024-02-09 09:56:34,75,6
60,2024-02-09 09:56:34,2024-02-09 09:56:34,70,6
61,2024-02-09 09:56:34,2024-02-09 09:56:34,36,6
62,2024-02-09 09:56:34,2024-02-09 09:56:34,1,6
63,2024-02-09 09:56:34,2024-02-09 09:56:34,72,6
64,2024-02-09 09:56:34,2024-02-09 09:56:34,6,6
65,2024-02-09 09:56:34,2024-02-09 09:56:34,10,6
66,2024-02-09 09:56:34,2024-02-09 09:56:34,44,6
67,2024-02-09 09:56:34,2024-02-09 09:56:34,74,6
68,2024-02-09 09:56:34,2024-02-09 09:56:34,8,6
69,2024-02-09 09:56:34,2024-02-09 09:56:34,12,6
70,2024-02-09 09:56:34,2024-02-09 09:56:34,81,6
71,2024-02-09 09:56:34,2024-02-09 09:56:34,69,6
72,2024-02-09 09:56:34,2024-02-09 09:56:34,15,6
73,2024-02-09 09:56:34,2024-02-09 09:56:34,46,6
74,2024-02-09 09:56:34,2024-02-09 09:56:34,77,6
75,2024-02-09 09:56:34,2024-02-09 09:56:34,37,6
76,2024-02-09 09:56:34,2024-02-09 09:56:34,23,6
77,2024-02-09 09:56:34,2024-02-09 09:56:34,33,6
78,2024-02-09 09:56:34,2024-02-09 09:56:34,29,6
79,2024-02-09 09:56:34,2024-02-09 09:56:34,42,6
80,2024-02-09 09:56:34,2024-02-09 09:56:34,47,6
81,2024-02-09 09:56:34,2024-02-09 09:56:34,4,6
82,2024-02-09 09:56:34,2024-02-09 09:56:34,31,6
83,2024-02-09 09:56:34,2024-02-09 09:56:34,60,6
84,2024-02-09 09:56:34,2024-02-09 09:56:34,52,6
337,2024-09-08 14:30:57,2024-09-08 14:30:57,40,7
338,2024-09-08 14:30:57,2024-09-08 14:30:57,2,7
339,2024-09-08 14:30:57,2024-09-08 14:30:57,14,7
340,2024-09-08 14:30:58,2024-09-08 14:30:58,13,7
341,2024-09-08 14:30:58,2024-09-08 14:30:58,53,7
342,2024-09-08 14:30:58,2024-09-08 14:30:58,64,7
343,2024-09-08 14:30:58,2024-09-08 14:30:58,11,7
344,2024-09-08 14:30:58,2024-09-08 14:30:58,73,7
345,2024-09-08 14:30:58,2024-09-08 14:30:58,62,7
346,2024-09-08 14:30:58,2024-09-08 14:30:58,35,7
347,2024-09-08 14:30:58,2024-09-08 14:30:58,71,7
348,2024-09-08 14:30:58,2024-09-08 14:30:58,43,7
349,2024-09-08 14:30:58,2024-09-08 14:30:58,27,7
350,2024-09-08 14:30:58,2024-09-08 14:30:58,79,7
351,2024-09-08 14:30:58,2024-09-08 14:30:58,51,7
352,2024-09-08 14:30:58,2024-09-08 14:30:58,32,7
353,2024-09-08 14:30:58,2024-09-08 14:30:58,7,7
354,2024-09-08 14:30:58,2024-09-08 14:30:58,55,7
355,2024-09-08 14:30:58,2024-09-08 14:30:58,80,7
356,2024-09-08 14:30:58,2024-09-08 14:30:58,65,7
357,2024-09-08 14:30:58,2024-09-08 14:30:58,57,7
358,2024-09-08 14:30:58,2024-09-08 14:30:58,54,7
359,2024-09-08 14:30:58,2024-09-08 14:30:58,76,7
360,2024-09-08 14:30:58,2024-09-08 14:30:58,68,7
361,2024-09-08 14:30:58,2024-09-08 14:30:58,25,7
362,2024-09-08 14:30:58,2024-09-08 14:30:58,24,7
363,2024-09-08 14:30:58,2024-09-08 14:30:58,66,7
364,2024-09-08 14:30:58,2024-09-08 14:30:58,18,7
365,2024-09-08 14:30:58,2024-09-08 14:30:58,78,7
366,2024-09-08 14:30:58,2024-09-08 14:30:58,34,7
367,2024-09-08 14:30:58,2024-09-08 14:30:58,20,7
368,2024-09-08 14:30:58,2024-09-08 14:30:58,61,7
369,2024-09-08 14:30:58,2024-09-08 14:30:58,21,7
370,2024-09-08 14:30:58,2024-09-08 14:30:58,49,7
371,2024-09-08 14:30:58,2024-09-08 14:30:58,50,7
372,2024-09-08 14:30:58,2024-09-08 14:30:58,41,7
373,2024-09-08 14:30:58,2024-09-08 14:30:58,38,7
374,2024-09-08 14:30:58,2024-09-08 14:30:58,75,7
375,2024-09-08 14:30:58,2024-09-08 14:30:58,70,7
376,2024-09-08 14:30:58,2024-09-08 14:30:58,36,7
377,2024-09-08 14:30:58,2024-09-08 14:30:58,1,7
378,2024-09-08 14:30:58,2024-09-08 14:30:58,72,7
379,2024-09-08 14:30:58,2024-09-08 14:30:58,6,7
380,2024-09-08 14:30:58,2024-09-08 14:30:58,10,7
381,2024-09-08 14:30:58,2024-09-08 14:30:58,44,7
382,2024-09-08 14:30:58,2024-09-08 14:30:58,74,7
383,2024-09-08 14:30:58,2024-09-08 14:30:58,8,7
384,2024-09-08 14:30:58,2024-09-08 14:30:58,37,7
385,2024-09-08 14:30:58,2024-09-08 14:30:58,12,7
386,2024-09-08 14:30:58,2024-09-08 14:30:58,81,7
387,2024-09-08 14:30:58,2024-09-08 14:30:58,69,7
388,2024-09-08 14:30:58,2024-09-08 14:30:58,15,7
389,2024-09-08 14:30:58,2024-09-08 14:30:58,46,7
390,2024-09-08 14:30:58,2024-09-08 14:30:58,77,7
391,2024-09-08 14:30:58,2024-09-08 14:30:58,23,7
392,2024-09-08 14:30:58,2024-09-08 14:30:58,33,7
393,2024-09-08 14:30:58,2024-09-08 14:30:58,29,7
394,2024-09-08 14:30:58,2024-09-08 14:30:58,42,7
395,2024-09-08 14:30:58,2024-09-08 14:30:58,47,7
396,2024-09-08 14:30:58,2024-09-08 14:30:58,4,7
397,2024-09-08 14:30:58,2024-09-08 14:30:58,31,7
398,2024-09-08 14:30:58,2024-09-08 14:30:58,60,7
399,2024-09-08 14:30:58,2024-09-08 14:30:58,52,7
778,2024-09-08 16:56:41,2024-09-08 16:56:41,40,11
779,2024-09-08 16:56:41,2024-09-08 16:56:41,2,11
780,2024-09-08 16:56:41,2024-09-08 16:56:41,14,11
781,2024-09-08 16:56:41,2024-09-08 16:56:41,13,11
782,2024-09-08 16:56:41,2024-09-08 16:56:41,53,11
783,2024-09-08 16:56:41,2024-09-08 16:56:41,64,11
784,2024-09-08 16:56:41,2024-09-08 16:56:41,11,11
785,2024-09-08 16:56:41,2024-09-08 16:56:41,73,11
786,2024-09-08 16:56:41,2024-09-08 16:56:41,62,11
787,2024-09-08 16:56:41,2024-09-08 16:56:41,35,11
788,2024-09-08 16:56:41,2024-09-08 16:56:41,71,11
789,2024-09-08 16:56:41,2024-09-08 16:56:41,43,11
790,2024-09-08 16:56:41,2024-09-08 16:56:41,27,11
791,2024-09-08 16:56:41,2024-09-08 16:56:41,79,11
792,2024-09-08 16:56:41,2024-09-08 16:56:41,51,11
793,2024-09-08 16:56:41,2024-09-08 16:56:41,32,11
794,2024-09-08 16:56:41,2024-09-08 16:56:41,7,11
795,2024-09-08 16:56:41,2024-09-08 16:56:41,55,11
796,2024-09-08 16:56:41,2024-09-08 16:56:41,80,11
797,2024-09-08 16:56:41,2024-09-08 16:56:41,65,11
798,2024-09-08 16:56:41,2024-09-08 16:56:41,57,11
799,2024-09-08 16:56:41,2024-09-08 16:56:41,54,11
800,2024-09-08 16:56:41,2024-09-08 16:56:41,76,11
801,2024-09-08 16:56:41,2024-09-08 16:56:41,68,11
802,2024-09-08 16:56:41,2024-09-08 16:56:41,25,11
803,2024-09-08 16:56:41,2024-09-08 16:56:41,24,11
804,2024-09-08 16:56:41,2024-09-08 16:56:41,66,11
805,2024-09-08 16:56:41,2024-09-08 16:56:41,18,11
806,2024-09-08 16:56:41,2024-09-08 16:56:41,78,11
807,2024-09-08 16:56:41,2024-09-08 16:56:41,34,11
808,2024-09-08 16:56:41,2024-09-08 16:56:41,20,11
809,2024-09-08 16:56:41,2024-09-08 16:56:41,61,11
810,2024-09-08 16:56:41,2024-09-08 16:56:41,21,11
811,2024-09-08 16:56:41,2024-09-08 16:56:41,49,11
812,2024-09-08 16:56:41,2024-09-08 16:56:41,50,11
813,2024-09-08 16:56:41,2024-09-08 16:56:41,41,11
814,2024-09-08 16:56:41,2024-09-08 16:56:41,38,11
815,2024-09-08 16:56:41,2024-09-08 16:56:41,75,11
816,2024-09-08 16:56:41,2024-09-08 16:56:41,70,11
817,2024-09-08 16:56:41,2024-09-08 16:56:41,36,11
818,2024-09-08 16:56:41,2024-09-08 16:56:41,1,11
819,2024-09-08 16:56:41,2024-09-08 16:56:41,72,11
820,2024-09-08 16:56:41,2024-09-08 16:56:41,6,11
821,2024-09-08 16:56:41,2024-09-08 16:56:41,10,11
822,2024-09-08 16:56:41,2024-09-08 16:56:41,44,11
823,2024-09-08 16:56:41,2024-09-08 16:56:41,74,11
824,2024-09-08 16:56:41,2024-09-08 16:56:41,8,11
825,2024-09-08 16:56:41,2024-09-08 16:56:41,37,11
826,2024-09-08 16:56:41,2024-09-08 16:56:41,12,11
827,2024-09-08 16:56:41,2024-09-08 16:56:41,81,11
828,2024-09-08 16:56:41,2024-09-08 16:56:41,69,11
829,2024-09-08 16:56:41,2024-09-08 16:56:41,15,11
830,2024-09-08 16:56:41,2024-09-08 16:56:41,46,11
831,2024-09-08 16:56:41,2024-09-08 16:56:41,77,11
832,2024-09-08 16:56:41,2024-09-08 16:56:41,23,11
833,2024-09-08 16:56:41,2024-09-08 16:56:41,33,11
834,2024-09-08 16:56:41,2024-09-08 16:56:41,29,11
835,2024-09-08 16:56:41,2024-09-08 16:56:41,42,11
836,2024-09-08 16:56:41,2024-09-08 16:56:41,47,11
837,2024-09-08 16:56:41,2024-09-08 16:56:41,4,11
838,2024-09-08 16:56:41,2024-09-08 16:56:41,31,11
839,2024-09-08 16:56:41,2024-09-08 16:56:41,60,11
840,2024-09-08 16:56:41,2024-09-08 16:56:41,52,11
841,2024-09-08 16:57:08,2024-09-08 16:57:08,40,12
842,2024-09-08 16:57:08,2024-09-08 16:57:08,2,12
843,2024-09-08 16:57:08,2024-09-08 16:57:08,14,12
844,2024-09-08 16:57:08,2024-09-08 16:57:08,13,12
845,2024-09-08 16:57:08,2024-09-08 16:57:08,53,12
846,2024-09-08 16:57:08,2024-09-08 16:57:08,64,12
847,2024-09-08 16:57:08,2024-09-08 16:57:08,11,12
848,2024-09-08 16:57:08,2024-09-08 16:57:08,73,12
849,2024-09-08 16:57:08,2024-09-08 16:57:08,62,12
850,2024-09-08 16:57:08,2024-09-08 16:57:08,35,12
851,2024-09-08 16:57:08,2024-09-08 16:57:08,71,12
852,2024-09-08 16:57:08,2024-09-08 16:57:08,43,12
853,2024-09-08 16:57:08,2024-09-08 16:57:08,27,12
854,2024-09-08 16:57:08,2024-09-08 16:57:08,79,12
855,2024-09-08 16:57:08,2024-09-08 16:57:08,51,12
856,2024-09-08 16:57:08,2024-09-08 16:57:08,32,12
857,2024-09-08 16:57:08,2024-09-08 16:57:08,7,12
858,2024-09-08 16:57:08,2024-09-08 16:57:08,55,12
859,2024-09-08 16:57:08,2024-09-08 16:57:08,80,12
860,2024-09-08 16:57:08,2024-09-08 16:57:08,65,12
861,2024-09-08 16:57:08,2024-09-08 16:57:08,57,12
862,2024-09-08 16:57:08,2024-09-08 16:57:08,54,12
863,2024-09-08 16:57:08,2024-09-08 16:57:08,76,12
864,2024-09-08 16:57:08,2024-09-08 16:57:08,68,12
865,2024-09-08 16:57:08,2024-09-08 16:57:08,25,12
866,2024-09-08 16:57:08,2024-09-08 16:57:08,24,12
867,2024-09-08 16:57:08,2024-09-08 16:57:08,66,12
868,2024-09-08 16:57:08,2024-09-08 16:57:08,18,12
869,2024-09-08 16:57:08,2024-09-08 16:57:08,78,12
870,2024-09-08 16:57:08,2024-09-08 16:57:08,34,12
871,2024-09-08 16:57:08,2024-09-08 16:57:08,20,12
872,2024-09-08 16:57:08,2024-09-08 16:57:08,61,12
873,2024-09-08 16:57:08,2024-09-08 16:57:08,21,12
874,2024-09-08 16:57:08,2024-09-08 16:57:08,49,12
875,2024-09-08 16:57:08,2024-09-08 16:57:08,50,12
876,2024-09-08 16:57:08,2024-09-08 16:57:08,41,12
877,2024-09-08 16:57:08,2024-09-08 16:57:08,38,12
878,2024-09-08 16:57:08,2024-09-08 16:57:08,75,12
879,2024-09-08 16:57:08,2024-09-08 16:57:08,70,12
880,2024-09-08 16:57:08,2024-09-08 16:57:08,36,12
881,2024-09-08 16:57:08,2024-09-08 16:57:08,1,12
882,2024-09-08 16:57:08,2024-09-08 16:57:08,72,12
883,2024-09-08 16:57:08,2024-09-08 16:57:08,6,12
884,2024-09-08 16:57:08,2024-09-08 16:57:08,10,12
885,2024-09-08 16:57:08,2024-09-08 16:57:08,44,12
886,2024-09-08 16:57:08,2024-09-08 16:57:08,74,12
887,2024-09-08 16:57:08,2024-09-08 16:57:08,8,12
888,2024-09-08 16:57:08,2024-09-08 16:57:08,37,12
889,2024-09-08 16:57:08,2024-09-08 16:57:08,12,12
890,2024-09-08 16:57:08,2024-09-08 16:57:08,81,12
891,2024-09-08 16:57:08,2024-09-08 16:57:08,69,12
892,2024-09-08 16:57:08,2024-09-08 16:57:08,15,12
893,2024-09-08 16:57:08,2024-09-08 16:57:08,46,12
894,2024-09-08 16:57:08,2024-09-08 16:57:08,77,12
895,2024-09-08 16:57:08,2024-09-08 16:57:08,23,12
896,2024-09-08 16:57:08,2024-09-08 16:57:08,33,12
897,2024-09-08 16:57:08,2024-09-08 16:57:08,29,12
898,2024-09-08 16:57:08,2024-09-08 16:57:08,42,12
899,2024-09-08 16:57:08,2024-09-08 16:57:08,47,12
900,2024-09-08 16:57:08,2024-09-08 16:57:08,4,12
901,2024-09-08 16:57:08,2024-09-08 16:57:08,31,12
902,2024-09-08 16:57:08,2024-09-08 16:57:08,60,12
903,2024-09-08 16:57:08,2024-09-08 16:57:08,52,12
904,2024-09-08 16:58:06,2024-09-08 16:58:06,40,13
905,2024-09-08 16:58:06,2024-09-08 16:58:06,2,13
906,2024-09-08 16:58:06,2024-09-08 16:58:06,14,13
907,2024-09-08 16:58:06,2024-09-08 16:58:06,13,13
908,2024-09-08 16:58:06,2024-09-08 16:58:06,53,13
909,2024-09-08 16:58:06,2024-09-08 16:58:06,64,13
910,2024-09-08 16:58:06,2024-09-08 16:58:06,11,13
911,2024-09-08 16:58:06,2024-09-08 16:58:06,73,13
912,2024-09-08 16:58:06,2024-09-08 16:58:06,62,13
913,2024-09-08 16:58:06,2024-09-08 16:58:06,35,13
914,2024-09-08 16:58:06,2024-09-08 16:58:06,71,13
915,2024-09-08 16:58:06,2024-09-08 16:58:06,43,13
916,2024-09-08 16:58:06,2024-09-08 16:58:06,27,13
917,2024-09-08 16:58:06,2024-09-08 16:58:06,79,13
918,2024-09-08 16:58:06,2024-09-08 16:58:06,51,13
919,2024-09-08 16:58:06,2024-09-08 16:58:06,32,13
920,2024-09-08 16:58:06,2024-09-08 16:58:06,7,13
921,2024-09-08 16:58:06,2024-09-08 16:58:06,55,13
922,2024-09-08 16:58:06,2024-09-08 16:58:06,80,13
923,2024-09-08 16:58:06,2024-09-08 16:58:06,65,13
924,2024-09-08 16:58:06,2024-09-08 16:58:06,57,13
925,2024-09-08 16:58:06,2024-09-08 16:58:06,54,13
926,2024-09-08 16:58:06,2024-09-08 16:58:06,76,13
927,2024-09-08 16:58:06,2024-09-08 16:58:06,68,13
928,2024-09-08 16:58:06,2024-09-08 16:58:06,25,13
929,2024-09-08 16:58:06,2024-09-08 16:58:06,24,13
930,2024-09-08 16:58:06,2024-09-08 16:58:06,66,13
931,2024-09-08 16:58:06,2024-09-08 16:58:06,18,13
932,2024-09-08 16:58:06,2024-09-08 16:58:06,78,13
933,2024-09-08 16:58:06,2024-09-08 16:58:06,34,13
934,2024-09-08 16:58:06,2024-09-08 16:58:06,20,13
935,2024-09-08 16:58:06,2024-09-08 16:58:06,61,13
936,2024-09-08 16:58:06,2024-09-08 16:58:06,21,13
937,2024-09-08 16:58:06,2024-09-08 16:58:06,49,13
938,2024-09-08 16:58:06,2024-09-08 16:58:06,50,13
939,2024-09-08 16:58:06,2024-09-08 16:58:06,41,13
940,2024-09-08 16:58:06,2024-09-08 16:58:06,38,13
941,2024-09-08 16:58:06,2024-09-08 16:58:06,75,13
942,2024-09-08 16:58:06,2024-09-08 16:58:06,70,13
943,2024-09-08 16:58:06,2024-09-08 16:58:06,36,13
944,2024-09-08 16:58:06,2024-09-08 16:58:06,1,13
945,2024-09-08 16:58:06,2024-09-08 16:58:06,72,13
946,2024-09-08 16:58:06,2024-09-08 16:58:06,6,13
947,2024-09-08 16:58:06,2024-09-08 16:58:06,10,13
948,2024-09-08 16:58:06,2024-09-08 16:58:06,44,13
949,2024-09-08 16:58:06,2024-09-08 16:58:06,74,13
950,2024-09-08 16:58:06,2024-09-08 16:58:06,8,13
951,2024-09-08 16:58:06,2024-09-08 16:58:06,37,13
952,2024-09-08 16:58:06,2024-09-08 16:58:06,12,13
953,2024-09-08 16:58:06,2024-09-08 16:58:06,81,13
954,2024-09-08 16:58:06,2024-09-08 16:58:06,69,13
955,2024-09-08 16:58:06,2024-09-08 16:58:06,15,13
956,2024-09-08 16:58:06,2024-09-08 16:58:06,46,13
957,2024-09-08 16:58:06,2024-09-08 16:58:06,77,13
958,2024-09-08 16:58:06,2024-09-08 16:58:06,23,13
959,2024-09-08 16:58:06,2024-09-08 16:58:06,33,13
960,2024-09-08 16:58:06,2024-09-08 16:58:06,29,13
961,2024-09-08 16:58:06,2024-09-08 16:58:06,42,13
962,2024-09-08 16:58:06,2024-09-08 16:58:06,47,13
963,2024-09-08 16:58:06,2024-09-08 16:58:06,4,13
964,2024-09-08 16:58:06,2024-09-08 16:58:06,31,13
965,2024-09-08 16:58:06,2024-09-08 16:58:06,60,13
966,2024-09-08 16:58:06,2024-09-08 16:58:06,52,13
967,2024-09-08 16:58:29,2024-09-08 16:58:29,40,14
968,2024-09-08 16:58:29,2024-09-08 16:58:29,2,14
969,2024-09-08 16:58:29,2024-09-08 16:58:29,14,14
970,2024-09-08 16:58:29,2024-09-08 16:58:29,13,14
971,2024-09-08 16:58:29,2024-09-08 16:58:29,53,14
972,2024-09-08 16:58:29,2024-09-08 16:58:29,64,14
973,2024-09-08 16:58:29,2024-09-08 16:58:29,11,14
974,2024-09-08 16:58:29,2024-09-08 16:58:29,73,14
975,2024-09-08 16:58:29,2024-09-08 16:58:29,62,14
976,2024-09-08 16:58:29,2024-09-08 16:58:29,35,14
977,2024-09-08 16:58:29,2024-09-08 16:58:29,71,14
978,2024-09-08 16:58:29,2024-09-08 16:58:29,43,14
979,2024-09-08 16:58:29,2024-09-08 16:58:29,27,14
980,2024-09-08 16:58:29,2024-09-08 16:58:29,79,14
981,2024-09-08 16:58:29,2024-09-08 16:58:29,51,14
982,2024-09-08 16:58:29,2024-09-08 16:58:29,32,14
983,2024-09-08 16:58:29,2024-09-08 16:58:29,7,14
984,2024-09-08 16:58:29,2024-09-08 16:58:29,55,14
985,2024-09-08 16:58:29,2024-09-08 16:58:29,80,14
986,2024-09-08 16:58:29,2024-09-08 16:58:29,65,14
987,2024-09-08 16:58:29,2024-09-08 16:58:29,57,14
988,2024-09-08 16:58:29,2024-09-08 16:58:29,54,14
989,2024-09-08 16:58:29,2024-09-08 16:58:29,76,14
990,2024-09-08 16:58:29,2024-09-08 16:58:29,68,14
991,2024-09-08 16:58:29,2024-09-08 16:58:29,25,14
992,2024-09-08 16:58:29,2024-09-08 16:58:29,24,14
993,2024-09-08 16:58:29,2024-09-08 16:58:29,66,14
994,2024-09-08 16:58:29,2024-09-08 16:58:29,18,14
995,2024-09-08 16:58:29,2024-09-08 16:58:29,78,14
996,2024-09-08 16:58:29,2024-09-08 16:58:29,34,14
997,2024-09-08 16:58:29,2024-09-08 16:58:29,20,14
998,2024-09-08 16:58:29,2024-09-08 16:58:29,61,14
999,2024-09-08 16:58:29,2024-09-08 16:58:29,21,14
1000,2024-09-08 16:58:29,2024-09-08 16:58:29,49,14
1001,2024-09-08 16:58:29,2024-09-08 16:58:29,50,14
1002,2024-09-08 16:58:29,2024-09-08 16:58:29,41,14
1003,2024-09-08 16:58:29,2024-09-08 16:58:29,38,14
1004,2024-09-08 16:58:29,2024-09-08 16:58:29,75,14
1005,2024-09-08 16:58:29,2024-09-08 16:58:29,70,14
1006,2024-09-08 16:58:29,2024-09-08 16:58:29,36,14
1007,2024-09-08 16:58:29,2024-09-08 16:58:29,1,14
1008,2024-09-08 16:58:29,2024-09-08 16:58:29,72,14
1009,2024-09-08 16:58:29,2024-09-08 16:58:29,6,14
1010,2024-09-08 16:58:29,2024-09-08 16:58:29,10,14
1011,2024-09-08 16:58:29,2024-09-08 16:58:29,44,14
1012,2024-09-08 16:58:29,2024-09-08 16:58:29,74,14
1013,2024-09-08 16:58:29,2024-09-08 16:58:29,8,14
1014,2024-09-08 16:58:29,2024-09-08 16:58:29,37,14
1015,2024-09-08 16:58:29,2024-09-08 16:58:29,12,14
1016,2024-09-08 16:58:29,2024-09-08 16:58:29,81,14
1017,2024-09-08 16:58:29,2024-09-08 16:58:29,69,14
1018,2024-09-08 16:58:29,2024-09-08 16:58:29,15,14
1019,2024-09-08 16:58:29,2024-09-08 16:58:29,46,14
1020,2024-09-08 16:58:29,2024-09-08 16:58:29,77,14
1021,2024-09-08 16:58:29,2024-09-08 16:58:29,23,14
1022,2024-09-08 16:58:29,2024-09-08 16:58:29,33,14
1023,2024-09-08 16:58:29,2024-09-08 16:58:29,29,14
1024,2024-09-08 16:58:29,2024-09-08 16:58:29,42,14
1025,2024-09-08 16:58:29,2024-09-08 16:58:29,47,14
1026,2024-09-08 16:58:29,2024-09-08 16:58:29,4,14
1027,2024-09-08 16:58:29,2024-09-08 16:58:29,31,14
1028,2024-09-08 16:58:29,2024-09-08 16:58:29,60,14
1029,2024-09-08 16:58:29,2024-09-08 16:58:29,52,14
1030,2024-09-08 16:59:12,2024-09-08 16:59:12,40,15
1031,2024-09-08 16:59:12,2024-09-08 16:59:12,2,15
1032,2024-09-08 16:59:12,2024-09-08 16:59:12,14,15
1033,2024-09-08 16:59:12,2024-09-08 16:59:12,13,15
1034,2024-09-08 16:59:12,2024-09-08 16:59:12,53,15
1035,2024-09-08 16:59:12,2024-09-08 16:59:12,64,15
1036,2024-09-08 16:59:12,2024-09-08 16:59:12,11,15
1037,2024-09-08 16:59:12,2024-09-08 16:59:12,73,15
1038,2024-09-08 16:59:12,2024-09-08 16:59:12,62,15
1039,2024-09-08 16:59:12,2024-09-08 16:59:12,35,15
1040,2024-09-08 16:59:12,2024-09-08 16:59:12,71,15
1041,2024-09-08 16:59:12,2024-09-08 16:59:12,43,15
1042,2024-09-08 16:59:12,2024-09-08 16:59:12,27,15
1043,2024-09-08 16:59:12,2024-09-08 16:59:12,79,15
1044,2024-09-08 16:59:12,2024-09-08 16:59:12,51,15
1045,2024-09-08 16:59:12,2024-09-08 16:59:12,32,15
1046,2024-09-08 16:59:12,2024-09-08 16:59:12,7,15
1047,2024-09-08 16:59:12,2024-09-08 16:59:12,55,15
1048,2024-09-08 16:59:12,2024-09-08 16:59:12,80,15
1049,2024-09-08 16:59:12,2024-09-08 16:59:12,65,15
1050,2024-09-08 16:59:12,2024-09-08 16:59:12,57,15
1051,2024-09-08 16:59:12,2024-09-08 16:59:12,54,15
1052,2024-09-08 16:59:12,2024-09-08 16:59:12,76,15
1053,2024-09-08 16:59:12,2024-09-08 16:59:12,68,15
1054,2024-09-08 16:59:12,2024-09-08 16:59:12,25,15
1055,2024-09-08 16:59:12,2024-09-08 16:59:12,24,15
1056,2024-09-08 16:59:12,2024-09-08 16:59:12,66,15
1057,2024-09-08 16:59:12,2024-09-08 16:59:12,18,15
1058,2024-09-08 16:59:12,2024-09-08 16:59:12,78,15
1059,2024-09-08 16:59:12,2024-09-08 16:59:12,34,15
1060,2024-09-08 16:59:12,2024-09-08 16:59:12,20,15
1061,2024-09-08 16:59:12,2024-09-08 16:59:12,61,15
1062,2024-09-08 16:59:12,2024-09-08 16:59:12,21,15
1063,2024-09-08 16:59:12,2024-09-08 16:59:12,49,15
1064,2024-09-08 16:59:12,2024-09-08 16:59:12,50,15
1065,2024-09-08 16:59:12,2024-09-08 16:59:12,41,15
1066,2024-09-08 16:59:12,2024-09-08 16:59:12,38,15
1067,2024-09-08 16:59:12,2024-09-08 16:59:12,75,15
1068,2024-09-08 16:59:12,2024-09-08 16:59:12,70,15
1069,2024-09-08 16:59:12,2024-09-08 16:59:12,36,15
1070,2024-09-08 16:59:12,2024-09-08 16:59:12,1,15
1071,2024-09-08 16:59:12,2024-09-08 16:59:12,72,15
1072,2024-09-08 16:59:12,2024-09-08 16:59:12,6,15
1073,2024-09-08 16:59:12,2024-09-08 16:59:12,10,15
1074,2024-09-08 16:59:12,2024-09-08 16:59:12,44,15
1075,2024-09-08 16:59:12,2024-09-08 16:59:12,74,15
1076,2024-09-08 16:59:12,2024-09-08 16:59:12,8,15
1077,2024-09-08 16:59:12,2024-09-08 16:59:12,37,15
1078,2024-09-08 16:59:12,2024-09-08 16:59:12,12,15
1079,2024-09-08 16:59:12,2024-09-08 16:59:12,81,15
1080,2024-09-08 16:59:12,2024-09-08 16:59:12,69,15
1081,2024-09-08 16:59:12,2024-09-08 16:59:12,15,15
1082,2024-09-08 16:59:12,2024-09-08 16:59:12,46,15
1083,2024-09-08 16:59:12,2024-09-08 16:59:12,77,15
1084,2024-09-08 16:59:12,2024-09-08 16:59:12,23,15
1085,2024-09-08 16:59:12,2024-09-08 16:59:12,33,15
1086,2024-09-08 16:59:12,2024-09-08 16:59:12,29,15
1087,2024-09-08 16:59:12,2024-09-08 16:59:12,42,15
1088,2024-09-08 16:59:12,2024-09-08 16:59:12,47,15
1089,2024-09-08 16:59:12,2024-09-08 16:59:12,4,15
1090,2024-09-08 16:59:12,2024-09-08 16:59:12,31,15
1091,2024-09-08 16:59:12,2024-09-08 16:59:12,60,15
1092,2024-09-08 16:59:12,2024-09-08 16:59:12,52,15
1093,2024-09-08 16:59:27,2024-09-08 16:59:27,40,16
1094,2024-09-08 16:59:27,2024-09-08 16:59:27,2,16
1095,2024-09-08 16:59:27,2024-09-08 16:59:27,14,16
1096,2024-09-08 16:59:27,2024-09-08 16:59:27,13,16
1097,2024-09-08 16:59:27,2024-09-08 16:59:27,53,16
1098,2024-09-08 16:59:27,2024-09-08 16:59:27,64,16
1099,2024-09-08 16:59:27,2024-09-08 16:59:27,11,16
1100,2024-09-08 16:59:27,2024-09-08 16:59:27,73,16
1101,2024-09-08 16:59:27,2024-09-08 16:59:27,62,16
1102,2024-09-08 16:59:27,2024-09-08 16:59:27,35,16
1103,2024-09-08 16:59:27,2024-09-08 16:59:27,71,16
1104,2024-09-08 16:59:27,2024-09-08 16:59:27,43,16
1105,2024-09-08 16:59:27,2024-09-08 16:59:27,27,16
1106,2024-09-08 16:59:27,2024-09-08 16:59:27,79,16
1107,2024-09-08 16:59:27,2024-09-08 16:59:27,51,16
1108,2024-09-08 16:59:27,2024-09-08 16:59:27,32,16
1109,2024-09-08 16:59:27,2024-09-08 16:59:27,7,16
1110,2024-09-08 16:59:27,2024-09-08 16:59:27,55,16
1111,2024-09-08 16:59:27,2024-09-08 16:59:27,80,16
1112,2024-09-08 16:59:27,2024-09-08 16:59:27,65,16
1113,2024-09-08 16:59:27,2024-09-08 16:59:27,57,16
1114,2024-09-08 16:59:27,2024-09-08 16:59:27,54,16
1115,2024-09-08 16:59:27,2024-09-08 16:59:27,76,16
1116,2024-09-08 16:59:27,2024-09-08 16:59:27,68,16
1117,2024-09-08 16:59:27,2024-09-08 16:59:27,25,16
1118,2024-09-08 16:59:27,2024-09-08 16:59:27,24,16
1119,2024-09-08 16:59:27,2024-09-08 16:59:27,66,16
1120,2024-09-08 16:59:27,2024-09-08 16:59:27,18,16
1121,2024-09-08 16:59:27,2024-09-08 16:59:27,78,16
1122,2024-09-08 16:59:27,2024-09-08 16:59:27,34,16
1123,2024-09-08 16:59:27,2024-09-08 16:59:27,20,16
1124,2024-09-08 16:59:27,2024-09-08 16:59:27,61,16
1125,2024-09-08 16:59:27,2024-09-08 16:59:27,21,16
1126,2024-09-08 16:59:27,2024-09-08 16:59:27,49,16
1127,2024-09-08 16:59:27,2024-09-08 16:59:27,50,16
1128,2024-09-08 16:59:27,2024-09-08 16:59:27,41,16
1129,2024-09-08 16:59:27,2024-09-08 16:59:27,38,16
1130,2024-09-08 16:59:27,2024-09-08 16:59:27,75,16
1131,2024-09-08 16:59:27,2024-09-08 16:59:27,70,16
1132,2024-09-08 16:59:27,2024-09-08 16:59:27,36,16
1133,2024-09-08 16:59:27,2024-09-08 16:59:27,1,16
1134,2024-09-08 16:59:27,2024-09-08 16:59:27,72,16
1135,2024-09-08 16:59:27,2024-09-08 16:59:27,6,16
1136,2024-09-08 16:59:27,2024-09-08 16:59:27,10,16
1137,2024-09-08 16:59:27,2024-09-08 16:59:27,44,16
1138,2024-09-08 16:59:27,2024-09-08 16:59:27,74,16
1139,2024-09-08 16:59:27,2024-09-08 16:59:27,8,16
1140,2024-09-08 16:59:27,2024-09-08 16:59:27,37,16
1141,2024-09-08 16:59:27,2024-09-08 16:59:27,12,16
1142,2024-09-08 16:59:27,2024-09-08 16:59:27,81,16
1143,2024-09-08 16:59:27,2024-09-08 16:59:27,69,16
1144,2024-09-08 16:59:27,2024-09-08 16:59:27,15,16
1145,2024-09-08 16:59:27,2024-09-08 16:59:27,46,16
1146,2024-09-08 16:59:27,2024-09-08 16:59:27,77,16
1147,2024-09-08 16:59:27,2024-09-08 16:59:27,23,16
1148,2024-09-08 16:59:27,2024-09-08 16:59:27,33,16
1149,2024-09-08 16:59:27,2024-09-08 16:59:27,29,16
1150,2024-09-08 16:59:27,2024-09-08 16:59:27,42,16
1151,2024-09-08 16:59:27,2024-09-08 16:59:27,47,16
1152,2024-09-08 16:59:27,2024-09-08 16:59:27,4,16
1153,2024-09-08 16:59:27,2024-09-08 16:59:27,31,16
1154,2024-09-08 16:59:27,2024-09-08 16:59:27,60,16
1155,2024-09-08 16:59:27,2024-09-08 16:59:27,52,16
1156,2024-09-08 16:59:50,2024-09-08 16:59:50,40,17
1157,2024-09-08 16:59:50,2024-09-08 16:59:50,2,17
1158,2024-09-08 16:59:50,2024-09-08 16:59:50,14,17
1159,2024-09-08 16:59:50,2024-09-08 16:59:50,13,17
1160,2024-09-08 16:59:50,2024-09-08 16:59:50,53,17
1161,2024-09-08 16:59:50,2024-09-08 16:59:50,64,17
1162,2024-09-08 16:59:50,2024-09-08 16:59:50,11,17
1163,2024-09-08 16:59:50,2024-09-08 16:59:50,73,17
1164,2024-09-08 16:59:50,2024-09-08 16:59:50,62,17
1165,2024-09-08 16:59:50,2024-09-08 16:59:50,35,17
1166,2024-09-08 16:59:50,2024-09-08 16:59:50,71,17
1167,2024-09-08 16:59:50,2024-09-08 16:59:50,43,17
1168,2024-09-08 16:59:50,2024-09-08 16:59:50,27,17
1169,2024-09-08 16:59:50,2024-09-08 16:59:50,79,17
1170,2024-09-08 16:59:50,2024-09-08 16:59:50,51,17
1171,2024-09-08 16:59:50,2024-09-08 16:59:50,32,17
1172,2024-09-08 16:59:50,2024-09-08 16:59:50,7,17
1173,2024-09-08 16:59:50,2024-09-08 16:59:50,55,17
1174,2024-09-08 16:59:50,2024-09-08 16:59:50,80,17
1175,2024-09-08 16:59:50,2024-09-08 16:59:50,65,17
1176,2024-09-08 16:59:50,2024-09-08 16:59:50,57,17
1177,2024-09-08 16:59:50,2024-09-08 16:59:50,54,17
1178,2024-09-08 16:59:50,2024-09-08 16:59:50,76,17
1179,2024-09-08 16:59:50,2024-09-08 16:59:50,68,17
1180,2024-09-08 16:59:50,2024-09-08 16:59:50,25,17
1181,2024-09-08 16:59:50,2024-09-08 16:59:50,24,17
1182,2024-09-08 16:59:50,2024-09-08 16:59:50,66,17
1183,2024-09-08 16:59:50,2024-09-08 16:59:50,18,17
1184,2024-09-08 16:59:50,2024-09-08 16:59:50,78,17
1185,2024-09-08 16:59:50,2024-09-08 16:59:50,34,17
1186,2024-09-08 16:59:50,2024-09-08 16:59:50,20,17
1187,2024-09-08 16:59:50,2024-09-08 16:59:50,61,17
1188,2024-09-08 16:59:50,2024-09-08 16:59:50,21,17
1189,2024-09-08 16:59:50,2024-09-08 16:59:50,49,17
1190,2024-09-08 16:59:50,2024-09-08 16:59:50,50,17
1191,2024-09-08 16:59:50,2024-09-08 16:59:50,41,17
1192,2024-09-08 16:59:50,2024-09-08 16:59:50,38,17
1193,2024-09-08 16:59:50,2024-09-08 16:59:50,75,17
1194,2024-09-08 16:59:50,2024-09-08 16:59:50,70,17
1195,2024-09-08 16:59:50,2024-09-08 16:59:50,36,17
1196,2024-09-08 16:59:50,2024-09-08 16:59:50,1,17
1197,2024-09-08 16:59:50,2024-09-08 16:59:50,72,17
1198,2024-09-08 16:59:50,2024-09-08 16:59:50,6,17
1199,2024-09-08 16:59:50,2024-09-08 16:59:50,10,17
1200,2024-09-08 16:59:50,2024-09-08 16:59:50,44,17
1201,2024-09-08 16:59:50,2024-09-08 16:59:50,74,17
1202,2024-09-08 16:59:50,2024-09-08 16:59:50,8,17
1203,2024-09-08 16:59:50,2024-09-08 16:59:50,37,17
1204,2024-09-08 16:59:50,2024-09-08 16:59:50,12,17
1205,2024-09-08 16:59:50,2024-09-08 16:59:50,81,17
1206,2024-09-08 16:59:50,2024-09-08 16:59:50,69,17
1207,2024-09-08 16:59:50,2024-09-08 16:59:50,15,17
1208,2024-09-08 16:59:50,2024-09-08 16:59:50,46,17
1209,2024-09-08 16:59:50,2024-09-08 16:59:50,77,17
1210,2024-09-08 16:59:50,2024-09-08 16:59:50,23,17
1211,2024-09-08 16:59:50,2024-09-08 16:59:50,33,17
1212,2024-09-08 16:59:50,2024-09-08 16:59:50,29,17
1213,2024-09-08 16:59:50,2024-09-08 16:59:50,42,17
1214,2024-09-08 16:59:50,2024-09-08 16:59:50,47,17
1215,2024-09-08 16:59:50,2024-09-08 16:59:50,4,17
1216,2024-09-08 16:59:50,2024-09-08 16:59:50,31,17
1217,2024-09-08 16:59:50,2024-09-08 16:59:50,60,17
1218,2024-09-08 16:59:50,2024-09-08 16:59:50,52,17
1219,2024-09-08 17:00:00,2024-09-08 17:00:00,40,18
1220,2024-09-08 17:00:00,2024-09-08 17:00:00,2,18
1221,2024-09-08 17:00:00,2024-09-08 17:00:00,14,18
1222,2024-09-08 17:00:00,2024-09-08 17:00:00,13,18
1223,2024-09-08 17:00:00,2024-09-08 17:00:00,53,18
1224,2024-09-08 17:00:00,2024-09-08 17:00:00,64,18
1225,2024-09-08 17:00:00,2024-09-08 17:00:00,11,18
1226,2024-09-08 17:00:00,2024-09-08 17:00:00,73,18
1227,2024-09-08 17:00:00,2024-09-08 17:00:00,62,18
1228,2024-09-08 17:00:00,2024-09-08 17:00:00,35,18
1229,2024-09-08 17:00:00,2024-09-08 17:00:00,71,18
1230,2024-09-08 17:00:00,2024-09-08 17:00:00,43,18
1231,2024-09-08 17:00:00,2024-09-08 17:00:00,27,18
1232,2024-09-08 17:00:00,2024-09-08 17:00:00,79,18
1233,2024-09-08 17:00:00,2024-09-08 17:00:00,51,18
1234,2024-09-08 17:00:00,2024-09-08 17:00:00,32,18
1235,2024-09-08 17:00:00,2024-09-08 17:00:00,7,18
1236,2024-09-08 17:00:00,2024-09-08 17:00:00,55,18
1237,2024-09-08 17:00:00,2024-09-08 17:00:00,80,18
1238,2024-09-08 17:00:00,2024-09-08 17:00:00,65,18
1239,2024-09-08 17:00:00,2024-09-08 17:00:00,57,18
1240,2024-09-08 17:00:00,2024-09-08 17:00:00,54,18
1241,2024-09-08 17:00:00,2024-09-08 17:00:00,76,18
1242,2024-09-08 17:00:00,2024-09-08 17:00:00,68,18
1243,2024-09-08 17:00:00,2024-09-08 17:00:00,25,18
1244,2024-09-08 17:00:00,2024-09-08 17:00:00,24,18
1245,2024-09-08 17:00:00,2024-09-08 17:00:00,66,18
1246,2024-09-08 17:00:00,2024-09-08 17:00:00,18,18
1247,2024-09-08 17:00:00,2024-09-08 17:00:00,78,18
1248,2024-09-08 17:00:00,2024-09-08 17:00:00,34,18
1249,2024-09-08 17:00:00,2024-09-08 17:00:00,20,18
1250,2024-09-08 17:00:00,2024-09-08 17:00:00,61,18
1251,2024-09-08 17:00:00,2024-09-08 17:00:00,21,18
1252,2024-09-08 17:00:00,2024-09-08 17:00:00,49,18
1253,2024-09-08 17:00:00,2024-09-08 17:00:00,50,18
1254,2024-09-08 17:00:00,2024-09-08 17:00:00,41,18
1255,2024-09-08 17:00:00,2024-09-08 17:00:00,38,18
1256,2024-09-08 17:00:00,2024-09-08 17:00:00,75,18
1257,2024-09-08 17:00:00,2024-09-08 17:00:00,70,18
1258,2024-09-08 17:00:00,2024-09-08 17:00:00,36,18
1259,2024-09-08 17:00:00,2024-09-08 17:00:00,1,18
1260,2024-09-08 17:00:00,2024-09-08 17:00:00,72,18
1261,2024-09-08 17:00:00,2024-09-08 17:00:00,6,18
1262,2024-09-08 17:00:00,2024-09-08 17:00:00,10,18
1263,2024-09-08 17:00:00,2024-09-08 17:00:00,44,18
1264,2024-09-08 17:00:00,2024-09-08 17:00:00,74,18
1265,2024-09-08 17:00:00,2024-09-08 17:00:00,8,18
1266,2024-09-08 17:00:00,2024-09-08 17:00:00,37,18
1267,2024-09-08 17:00:00,2024-09-08 17:00:00,12,18
1268,2024-09-08 17:00:00,2024-09-08 17:00:00,81,18
1269,2024-09-08 17:00:00,2024-09-08 17:00:00,69,18
1270,2024-09-08 17:00:00,2024-09-08 17:00:00,15,18
1271,2024-09-08 17:00:00,2024-09-08 17:00:00,46,18
1272,2024-09-08 17:00:00,2024-09-08 17:00:00,77,18
1273,2024-09-08 17:00:00,2024-09-08 17:00:00,23,18
1274,2024-09-08 17:00:00,2024-09-08 17:00:00,33,18
1275,2024-09-08 17:00:00,2024-09-08 17:00:00,29,18
1276,2024-09-08 17:00:00,2024-09-08 17:00:00,42,18
1277,2024-09-08 17:00:00,2024-09-08 17:00:00,47,18
1278,2024-09-08 17:00:00,2024-09-08 17:00:00,4,18
1279,2024-09-08 17:00:00,2024-09-08 17:00:00,31,18
1280,2024-09-08 17:00:00,2024-09-08 17:00:00,60,18
1281,2024-09-08 17:00:00,2024-09-08 17:00:00,52,18
1345,2024-09-08 17:50:20,2024-09-08 17:50:20,40,4
1346,2024-09-08 17:50:20,2024-09-08 17:50:20,2,4
1347,2024-09-08 17:50:20,2024-09-08 17:50:20,14,4
1348,2024-09-08 17:50:20,2024-09-08 17:50:20,13,4
1349,2024-09-08 17:50:20,2024-09-08 17:50:20,53,4
1350,2024-09-08 17:50:20,2024-09-08 17:50:20,64,4
1351,2024-09-08 17:50:20,2024-09-08 17:50:20,11,4
1352,2024-09-08 17:50:20,2024-09-08 17:50:20,73,4
1353,2024-09-08 17:50:20,2024-09-08 17:50:20,62,4
1354,2024-09-08 17:50:20,2024-09-08 17:50:20,35,4
1355,2024-09-08 17:50:20,2024-09-08 17:50:20,71,4
1356,2024-09-08 17:50:20,2024-09-08 17:50:20,43,4
1357,2024-09-08 17:50:20,2024-09-08 17:50:20,27,4
1358,2024-09-08 17:50:20,2024-09-08 17:50:20,79,4
1359,2024-09-08 17:50:20,2024-09-08 17:50:20,51,4
1360,2024-09-08 17:50:20,2024-09-08 17:50:20,32,4
1361,2024-09-08 17:50:20,2024-09-08 17:50:20,7,4
1362,2024-09-08 17:50:20,2024-09-08 17:50:20,55,4
1363,2024-09-08 17:50:20,2024-09-08 17:50:20,80,4
1364,2024-09-08 17:50:20,2024-09-08 17:50:20,65,4
1365,2024-09-08 17:50:20,2024-09-08 17:50:20,57,4
1366,2024-09-08 17:50:20,2024-09-08 17:50:20,54,4
1367,2024-09-08 17:50:20,2024-09-08 17:50:20,76,4
1368,2024-09-08 17:50:20,2024-09-08 17:50:20,68,4
1369,2024-09-08 17:50:20,2024-09-08 17:50:20,25,4
1370,2024-09-08 17:50:20,2024-09-08 17:50:20,24,4
1371,2024-09-08 17:50:20,2024-09-08 17:50:20,66,4
1372,2024-09-08 17:50:20,2024-09-08 17:50:20,18,4
1373,2024-09-08 17:50:20,2024-09-08 17:50:20,78,4
1374,2024-09-08 17:50:20,2024-09-08 17:50:20,34,4
1375,2024-09-08 17:50:20,2024-09-08 17:50:20,20,4
1376,2024-09-08 17:50:20,2024-09-08 17:50:20,61,4
1377,2024-09-08 17:50:20,2024-09-08 17:50:20,21,4
1378,2024-09-08 17:50:20,2024-09-08 17:50:20,49,4
1379,2024-09-08 17:50:20,2024-09-08 17:50:20,50,4
1380,2024-09-08 17:50:20,2024-09-08 17:50:20,41,4
1381,2024-09-08 17:50:20,2024-09-08 17:50:20,38,4
1382,2024-09-08 17:50:20,2024-09-08 17:50:20,75,4
1383,2024-09-08 17:50:20,2024-09-08 17:50:20,70,4
1384,2024-09-08 17:50:20,2024-09-08 17:50:20,36,4
1385,2024-09-08 17:50:20,2024-09-08 17:50:20,1,4
1386,2024-09-08 17:50:20,2024-09-08 17:50:20,72,4
1387,2024-09-08 17:50:20,2024-09-08 17:50:20,6,4
1388,2024-09-08 17:50:20,2024-09-08 17:50:20,10,4
1389,2024-09-08 17:50:20,2024-09-08 17:50:20,44,4
1390,2024-09-08 17:50:20,2024-09-08 17:50:20,74,4
1391,2024-09-08 17:50:20,2024-09-08 17:50:20,8,4
1392,2024-09-08 17:50:20,2024-09-08 17:50:20,37,4
1393,2024-09-08 17:50:20,2024-09-08 17:50:20,12,4
1394,2024-09-08 17:50:20,2024-09-08 17:50:20,81,4
1395,2024-09-08 17:50:20,2024-09-08 17:50:20,69,4
1396,2024-09-08 17:50:20,2024-09-08 17:50:20,15,4
1397,2024-09-08 17:50:20,2024-09-08 17:50:20,46,4
1398,2024-09-08 17:50:20,2024-09-08 17:50:20,77,4
1399,2024-09-08 17:50:20,2024-09-08 17:50:20,23,4
1400,2024-09-08 17:50:20,2024-09-08 17:50:20,33,4
1401,2024-09-08 17:50:20,2024-09-08 17:50:20,29,4
1402,2024-09-08 17:50:20,2024-09-08 17:50:20,42,4
1403,2024-09-08 17:50:20,2024-09-08 17:50:20,47,4
1404,2024-09-08 17:50:20,2024-09-08 17:50:20,4,4
1405,2024-09-08 17:50:20,2024-09-08 17:50:20,31,4
1406,2024-09-08 17:50:20,2024-09-08 17:50:20,60,4
1407,2024-09-08 17:50:20,2024-09-08 17:50:20,52,4
2353,2024-09-16 09:12:32,2024-09-16 09:12:32,40,20
2354,2024-09-16 09:12:32,2024-09-16 09:12:32,2,20
2355,2024-09-16 09:12:32,2024-09-16 09:12:32,14,20
2356,2024-09-16 09:12:32,2024-09-16 09:12:32,13,20
2357,2024-09-16 09:12:32,2024-09-16 09:12:32,53,20
2358,2024-09-16 09:12:32,2024-09-16 09:12:32,64,20
2359,2024-09-16 09:12:32,2024-09-16 09:12:32,11,20
2360,2024-09-16 09:12:32,2024-09-16 09:12:32,73,20
2361,2024-09-16 09:12:32,2024-09-16 09:12:32,62,20
2362,2024-09-16 09:12:32,2024-09-16 09:12:32,35,20
2363,2024-09-16 09:12:32,2024-09-16 09:12:32,71,20
2364,2024-09-16 09:12:32,2024-09-16 09:12:32,43,20
2365,2024-09-16 09:12:32,2024-09-16 09:12:32,27,20
2366,2024-09-16 09:12:32,2024-09-16 09:12:32,79,20
2367,2024-09-16 09:12:32,2024-09-16 09:12:32,51,20
2368,2024-09-16 09:12:32,2024-09-16 09:12:32,32,20
2369,2024-09-16 09:12:32,2024-09-16 09:12:32,7,20
2370,2024-09-16 09:12:32,2024-09-16 09:12:32,55,20
2371,2024-09-16 09:12:32,2024-09-16 09:12:32,80,20
2372,2024-09-16 09:12:32,2024-09-16 09:12:32,65,20
2373,2024-09-16 09:12:32,2024-09-16 09:12:32,57,20
2374,2024-09-16 09:12:32,2024-09-16 09:12:32,54,20
2375,2024-09-16 09:12:32,2024-09-16 09:12:32,76,20
2376,2024-09-16 09:12:32,2024-09-16 09:12:32,68,20
2377,2024-09-16 09:12:32,2024-09-16 09:12:32,25,20
2378,2024-09-16 09:12:32,2024-09-16 09:12:32,24,20
2379,2024-09-16 09:12:32,2024-09-16 09:12:32,66,20
2380,2024-09-16 09:12:32,2024-09-16 09:12:32,18,20
2381,2024-09-16 09:12:32,2024-09-16 09:12:32,78,20
2382,2024-09-16 09:12:32,2024-09-16 09:12:32,34,20
2383,2024-09-16 09:12:32,2024-09-16 09:12:32,20,20
2384,2024-09-16 09:12:32,2024-09-16 09:12:32,61,20
2385,2024-09-16 09:12:32,2024-09-16 09:12:32,21,20
2386,2024-09-16 09:12:32,2024-09-16 09:12:32,49,20
2387,2024-09-16 09:12:32,2024-09-16 09:12:32,50,20
2388,2024-09-16 09:12:32,2024-09-16 09:12:32,41,20
2389,2024-09-16 09:12:32,2024-09-16 09:12:32,38,20
2390,2024-09-16 09:12:32,2024-09-16 09:12:32,75,20
2391,2024-09-16 09:12:32,2024-09-16 09:12:32,70,20
2392,2024-09-16 09:12:32,2024-09-16 09:12:32,36,20
2393,2024-09-16 09:12:32,2024-09-16 09:12:32,1,20
2394,2024-09-16 09:12:32,2024-09-16 09:12:32,72,20
2395,2024-09-16 09:12:32,2024-09-16 09:12:32,6,20
2396,2024-09-16 09:12:32,2024-09-16 09:12:32,10,20
2397,2024-09-16 09:12:32,2024-09-16 09:12:32,44,20
2398,2024-09-16 09:12:32,2024-09-16 09:12:32,74,20
2399,2024-09-16 09:12:32,2024-09-16 09:12:32,8,20
2400,2024-09-16 09:12:32,2024-09-16 09:12:32,37,20
2401,2024-09-16 09:12:32,2024-09-16 09:12:32,12,20
2402,2024-09-16 09:12:32,2024-09-16 09:12:32,81,20
2403,2024-09-16 09:12:32,2024-09-16 09:12:32,69,20
2404,2024-09-16 09:12:32,2024-09-16 09:12:32,15,20
2405,2024-09-16 09:12:32,2024-09-16 09:12:32,46,20
2406,2024-09-16 09:12:32,2024-09-16 09:12:32,77,20
2407,2024-09-16 09:12:32,2024-09-16 09:12:32,23,20
2408,2024-09-16 09:12:32,2024-09-16 09:12:32,33,20
2409,2024-09-16 09:12:32,2024-09-16 09:12:32,29,20
2410,2024-09-16 09:12:32,2024-09-16 09:12:32,42,20
2411,2024-09-16 09:12:32,2024-09-16 09:12:32,47,20
2412,2024-09-16 09:12:32,2024-09-16 09:12:32,4,20
2413,2024-09-16 09:12:32,2024-09-16 09:12:32,31,20
2414,2024-09-16 09:12:32,2024-09-16 09:12:32,60,20
2415,2024-09-16 09:12:32,2024-09-16 09:12:32,52,20
2857,2024-09-20 05:28:25,2024-09-20 05:28:25,40,21
2858,2024-09-20 05:28:25,2024-09-20 05:28:25,2,21
2859,2024-09-20 05:28:25,2024-09-20 05:28:25,14,21
2860,2024-09-20 05:28:25,2024-09-20 05:28:25,13,21
2861,2024-09-20 05:28:25,2024-09-20 05:28:25,53,21
2862,2024-09-20 05:28:25,2024-09-20 05:28:25,64,21
2863,2024-09-20 05:28:25,2024-09-20 05:28:25,11,21
2864,2024-09-20 05:28:25,2024-09-20 05:28:25,73,21
2865,2024-09-20 05:28:25,2024-09-20 05:28:25,62,21
2866,2024-09-20 05:28:25,2024-09-20 05:28:25,35,21
2867,2024-09-20 05:28:25,2024-09-20 05:28:25,71,21
2868,2024-09-20 05:28:25,2024-09-20 05:28:25,43,21
2869,2024-09-20 05:28:25,2024-09-20 05:28:25,27,21
2870,2024-09-20 05:28:25,2024-09-20 05:28:25,79,21
2871,2024-09-20 05:28:25,2024-09-20 05:28:25,51,21
2872,2024-09-20 05:28:25,2024-09-20 05:28:25,32,21
2873,2024-09-20 05:28:25,2024-09-20 05:28:25,7,21
2874,2024-09-20 05:28:25,2024-09-20 05:28:25,55,21
2875,2024-09-20 05:28:25,2024-09-20 05:28:25,80,21
2876,2024-09-20 05:28:25,2024-09-20 05:28:25,65,21
2877,2024-09-20 05:28:25,2024-09-20 05:28:25,57,21
2878,2024-09-20 05:28:25,2024-09-20 05:28:25,54,21
2879,2024-09-20 05:28:25,2024-09-20 05:28:25,76,21
2880,2024-09-20 05:28:25,2024-09-20 05:28:25,68,21
2881,2024-09-20 05:28:25,2024-09-20 05:28:25,25,21
2882,2024-09-20 05:28:25,2024-09-20 05:28:25,24,21
2883,2024-09-20 05:28:25,2024-09-20 05:28:25,66,21
2884,2024-09-20 05:28:25,2024-09-20 05:28:25,18,21
2885,2024-09-20 05:28:25,2024-09-20 05:28:25,78,21
2886,2024-09-20 05:28:25,2024-09-20 05:28:25,34,21
2887,2024-09-20 05:28:25,2024-09-20 05:28:25,20,21
2888,2024-09-20 05:28:25,2024-09-20 05:28:25,61,21
2889,2024-09-20 05:28:25,2024-09-20 05:28:25,21,21
2890,2024-09-20 05:28:25,2024-09-20 05:28:25,49,21
2891,2024-09-20 05:28:25,2024-09-20 05:28:25,50,21
2892,2024-09-20 05:28:25,2024-09-20 05:28:25,41,21
2893,2024-09-20 05:28:25,2024-09-20 05:28:25,38,21
2894,2024-09-20 05:28:25,2024-09-20 05:28:25,75,21
2895,2024-09-20 05:28:25,2024-09-20 05:28:25,70,21
2896,2024-09-20 05:28:25,2024-09-20 05:28:25,36,21
2897,2024-09-20 05:28:25,2024-09-20 05:28:25,1,21
2898,2024-09-20 05:28:25,2024-09-20 05:28:25,72,21
2899,2024-09-20 05:28:25,2024-09-20 05:28:25,6,21
2900,2024-09-20 05:28:25,2024-09-20 05:28:25,10,21
2901,2024-09-20 05:28:25,2024-09-20 05:28:25,44,21
2902,2024-09-20 05:28:25,2024-09-20 05:28:25,74,21
2903,2024-09-20 05:28:25,2024-09-20 05:28:25,8,21
2904,2024-09-20 05:28:25,2024-09-20 05:28:25,37,21
2905,2024-09-20 05:28:25,2024-09-20 05:28:25,12,21
2906,2024-09-20 05:28:25,2024-09-20 05:28:25,81,21
2907,2024-09-20 05:28:25,2024-09-20 05:28:25,69,21
2908,2024-09-20 05:28:25,2024-09-20 05:28:25,15,21
2909,2024-09-20 05:28:25,2024-09-20 05:28:25,46,21
2910,2024-09-20 05:28:25,2024-09-20 05:28:25,77,21
2911,2024-09-20 05:28:25,2024-09-20 05:28:25,23,21
2912,2024-09-20 05:28:25,2024-09-20 05:28:25,33,21
2913,2024-09-20 05:28:25,2024-09-20 05:28:25,29,21
2914,2024-09-20 05:28:25,2024-09-20 05:28:25,42,21
2915,2024-09-20 05:28:25,2024-09-20 05:28:25,47,21
2916,2024-09-20 05:28:25,2024-09-20 05:28:25,4,21
2917,2024-09-20 05:28:25,2024-09-20 05:28:25,31,21
2918,2024-09-20 05:28:25,2024-09-20 05:28:25,60,21
2919,2024-09-20 05:28:25,2024-09-20 05:28:25,52,21
2983,2024-09-20 05:40:34,2024-09-20 05:40:34,40,10
2984,2024-09-20 05:40:34,2024-09-20 05:40:34,2,10
2985,2024-09-20 05:40:34,2024-09-20 05:40:34,14,10
2986,2024-09-20 05:40:34,2024-09-20 05:40:34,13,10
2987,2024-09-20 05:40:34,2024-09-20 05:40:34,53,10
2988,2024-09-20 05:40:34,2024-09-20 05:40:34,64,10
2989,2024-09-20 05:40:34,2024-09-20 05:40:34,11,10
2990,2024-09-20 05:40:34,2024-09-20 05:40:34,73,10
2991,2024-09-20 05:40:34,2024-09-20 05:40:34,62,10
2992,2024-09-20 05:40:34,2024-09-20 05:40:34,35,10
2993,2024-09-20 05:40:34,2024-09-20 05:40:34,71,10
2994,2024-09-20 05:40:34,2024-09-20 05:40:34,43,10
2995,2024-09-20 05:40:34,2024-09-20 05:40:34,27,10
2996,2024-09-20 05:40:34,2024-09-20 05:40:34,79,10
2997,2024-09-20 05:40:34,2024-09-20 05:40:34,51,10
2998,2024-09-20 05:40:34,2024-09-20 05:40:34,32,10
2999,2024-09-20 05:40:34,2024-09-20 05:40:34,7,10
3000,2024-09-20 05:40:34,2024-09-20 05:40:34,55,10
3001,2024-09-20 05:40:34,2024-09-20 05:40:34,80,10
3002,2024-09-20 05:40:34,2024-09-20 05:40:34,65,10
3003,2024-09-20 05:40:34,2024-09-20 05:40:34,57,10
3004,2024-09-20 05:40:34,2024-09-20 05:40:34,54,10
3005,2024-09-20 05:40:34,2024-09-20 05:40:34,76,10
3006,2024-09-20 05:40:34,2024-09-20 05:40:34,68,10
3007,2024-09-20 05:40:34,2024-09-20 05:40:34,25,10
3008,2024-09-20 05:40:34,2024-09-20 05:40:34,24,10
3009,2024-09-20 05:40:34,2024-09-20 05:40:34,66,10
3010,2024-09-20 05:40:34,2024-09-20 05:40:34,18,10
3011,2024-09-20 05:40:34,2024-09-20 05:40:34,78,10
3012,2024-09-20 05:40:34,2024-09-20 05:40:34,34,10
3013,2024-09-20 05:40:34,2024-09-20 05:40:34,20,10
3014,2024-09-20 05:40:34,2024-09-20 05:40:34,61,10
3015,2024-09-20 05:40:34,2024-09-20 05:40:34,21,10
3016,2024-09-20 05:40:34,2024-09-20 05:40:34,49,10
3017,2024-09-20 05:40:34,2024-09-20 05:40:34,50,10
3018,2024-09-20 05:40:34,2024-09-20 05:40:34,41,10
3019,2024-09-20 05:40:34,2024-09-20 05:40:34,38,10
3020,2024-09-20 05:40:34,2024-09-20 05:40:34,75,10
3021,2024-09-20 05:40:34,2024-09-20 05:40:34,70,10
3022,2024-09-20 05:40:34,2024-09-20 05:40:34,36,10
3023,2024-09-20 05:40:34,2024-09-20 05:40:34,1,10
3024,2024-09-20 05:40:34,2024-09-20 05:40:34,72,10
3025,2024-09-20 05:40:34,2024-09-20 05:40:34,6,10
3026,2024-09-20 05:40:34,2024-09-20 05:40:34,10,10
3027,2024-09-20 05:40:34,2024-09-20 05:40:34,44,10
3028,2024-09-20 05:40:34,2024-09-20 05:40:34,74,10
3029,2024-09-20 05:40:34,2024-09-20 05:40:34,8,10
3030,2024-09-20 05:40:34,2024-09-20 05:40:34,37,10
3031,2024-09-20 05:40:34,2024-09-20 05:40:34,12,10
3032,2024-09-20 05:40:34,2024-09-20 05:40:34,81,10
3033,2024-09-20 05:40:34,2024-09-20 05:40:34,69,10
3034,2024-09-20 05:40:34,2024-09-20 05:40:34,15,10
3035,2024-09-20 05:40:34,2024-09-20 05:40:34,46,10
3036,2024-09-20 05:40:34,2024-09-20 05:40:34,77,10
3037,2024-09-20 05:40:34,2024-09-20 05:40:34,23,10
3038,2024-09-20 05:40:34,2024-09-20 05:40:34,33,10
3039,2024-09-20 05:40:34,2024-09-20 05:40:34,29,10
3040,2024-09-20 05:40:34,2024-09-20 05:40:34,42,10
3041,2024-09-20 05:40:34,2024-09-20 05:40:34,47,10
3042,2024-09-20 05:40:34,2024-09-20 05:40:34,4,10
3043,2024-09-20 05:40:34,2024-09-20 05:40:34,31,10
3044,2024-09-20 05:40:34,2024-09-20 05:40:34,60,10
3045,2024-09-20 05:40:34,2024-09-20 05:40:34,52,10
3550,2024-09-23 13:45:29,2024-09-23 13:45:29,40,19
3551,2024-09-23 13:45:29,2024-09-23 13:45:29,2,19
3552,2024-09-23 13:45:29,2024-09-23 13:45:29,14,19
3553,2024-09-23 13:45:29,2024-09-23 13:45:29,13,19
3554,2024-09-23 13:45:29,2024-09-23 13:45:29,53,19
3555,2024-09-23 13:45:29,2024-09-23 13:45:29,64,19
3556,2024-09-23 13:45:29,2024-09-23 13:45:29,11,19
3557,2024-09-23 13:45:29,2024-09-23 13:45:29,73,19
3558,2024-09-23 13:45:29,2024-09-23 13:45:29,62,19
3559,2024-09-23 13:45:29,2024-09-23 13:45:29,35,19
3560,2024-09-23 13:45:29,2024-09-23 13:45:29,71,19
3561,2024-09-23 13:45:29,2024-09-23 13:45:29,43,19
3562,2024-09-23 13:45:29,2024-09-23 13:45:29,27,19
3563,2024-09-23 13:45:29,2024-09-23 13:45:29,79,19
3564,2024-09-23 13:45:29,2024-09-23 13:45:29,51,19
3565,2024-09-23 13:45:29,2024-09-23 13:45:29,32,19
3566,2024-09-23 13:45:29,2024-09-23 13:45:29,7,19
3567,2024-09-23 13:45:29,2024-09-23 13:45:29,55,19
3568,2024-09-23 13:45:29,2024-09-23 13:45:29,80,19
3569,2024-09-23 13:45:29,2024-09-23 13:45:29,65,19
3570,2024-09-23 13:45:29,2024-09-23 13:45:29,57,19
3571,2024-09-23 13:45:29,2024-09-23 13:45:29,54,19
3572,2024-09-23 13:45:29,2024-09-23 13:45:29,76,19
3573,2024-09-23 13:45:29,2024-09-23 13:45:29,68,19
3574,2024-09-23 13:45:29,2024-09-23 13:45:29,25,19
3575,2024-09-23 13:45:29,2024-09-23 13:45:29,24,19
3576,2024-09-23 13:45:29,2024-09-23 13:45:29,66,19
3577,2024-09-23 13:45:29,2024-09-23 13:45:29,18,19
3578,2024-09-23 13:45:29,2024-09-23 13:45:29,78,19
3579,2024-09-23 13:45:29,2024-09-23 13:45:29,34,19
3580,2024-09-23 13:45:29,2024-09-23 13:45:29,20,19
3581,2024-09-23 13:45:29,2024-09-23 13:45:29,61,19
3582,2024-09-23 13:45:29,2024-09-23 13:45:29,21,19
3583,2024-09-23 13:45:29,2024-09-23 13:45:29,49,19
3584,2024-09-23 13:45:29,2024-09-23 13:45:29,50,19
3585,2024-09-23 13:45:29,2024-09-23 13:45:29,41,19
3586,2024-09-23 13:45:29,2024-09-23 13:45:29,38,19
3587,2024-09-23 13:45:29,2024-09-23 13:45:29,75,19
3588,2024-09-23 13:45:29,2024-09-23 13:45:29,70,19
3589,2024-09-23 13:45:29,2024-09-23 13:45:29,36,19
3590,2024-09-23 13:45:29,2024-09-23 13:45:29,1,19
3591,2024-09-23 13:45:29,2024-09-23 13:45:29,72,19
3592,2024-09-23 13:45:29,2024-09-23 13:45:29,6,19
3593,2024-09-23 13:45:29,2024-09-23 13:45:29,10,19
3594,2024-09-23 13:45:29,2024-09-23 13:45:29,44,19
3595,2024-09-23 13:45:29,2024-09-23 13:45:29,74,19
3596,2024-09-23 13:45:29,2024-09-23 13:45:29,8,19
3597,2024-09-23 13:45:29,2024-09-23 13:45:29,37,19
3598,2024-09-23 13:45:29,2024-09-23 13:45:29,12,19
3599,2024-09-23 13:45:29,2024-09-23 13:45:29,81,19
3600,2024-09-23 13:45:29,2024-09-23 13:45:29,69,19
3601,2024-09-23 13:45:29,2024-09-23 13:45:29,15,19
3602,2024-09-23 13:45:29,2024-09-23 13:45:29,46,19
3603,2024-09-23 13:45:29,2024-09-23 13:45:29,77,19
3604,2024-09-23 13:45:29,2024-09-23 13:45:29,23,19
3605,2024-09-23 13:45:29,2024-09-23 13:45:29,33,19
3606,2024-09-23 13:45:29,2024-09-23 13:45:29,29,19
3607,2024-09-23 13:45:29,2024-09-23 13:45:29,42,19
3608,2024-09-23 13:45:29,2024-09-23 13:45:29,47,19
3609,2024-09-23 13:45:29,2024-09-23 13:45:29,4,19
3610,2024-09-23 13:45:29,2024-09-23 13:45:29,31,19
3611,2024-09-23 13:45:29,2024-09-23 13:45:29,60,19
3612,2024-09-23 13:45:29,2024-09-23 13:45:29,52,19
4369,2024-10-24 11:29:00,2024-10-24 11:29:00,40,31
4370,2024-10-24 11:29:00,2024-10-24 11:29:00,2,31
4371,2024-10-24 11:29:00,2024-10-24 11:29:00,14,31
4372,2024-10-24 11:29:00,2024-10-24 11:29:00,13,31
4373,2024-10-24 11:29:00,2024-10-24 11:29:00,53,31
4374,2024-10-24 11:29:00,2024-10-24 11:29:00,64,31
4375,2024-10-24 11:29:00,2024-10-24 11:29:00,11,31
4376,2024-10-24 11:29:00,2024-10-24 11:29:00,73,31
4377,2024-10-24 11:29:00,2024-10-24 11:29:00,62,31
4378,2024-10-24 11:29:00,2024-10-24 11:29:00,35,31
4379,2024-10-24 11:29:00,2024-10-24 11:29:00,71,31
4380,2024-10-24 11:29:00,2024-10-24 11:29:00,43,31
4381,2024-10-24 11:29:00,2024-10-24 11:29:00,27,31
4382,2024-10-24 11:29:00,2024-10-24 11:29:00,79,31
4383,2024-10-24 11:29:00,2024-10-24 11:29:00,51,31
4384,2024-10-24 11:29:00,2024-10-24 11:29:00,32,31
4385,2024-10-24 11:29:00,2024-10-24 11:29:00,7,31
4386,2024-10-24 11:29:00,2024-10-24 11:29:00,55,31
4387,2024-10-24 11:29:00,2024-10-24 11:29:00,80,31
4388,2024-10-24 11:29:00,2024-10-24 11:29:00,65,31
4389,2024-10-24 11:29:00,2024-10-24 11:29:00,57,31
4390,2024-10-24 11:29:00,2024-10-24 11:29:00,54,31
4391,2024-10-24 11:29:00,2024-10-24 11:29:00,76,31
4392,2024-10-24 11:29:00,2024-10-24 11:29:00,68,31
4393,2024-10-24 11:29:00,2024-10-24 11:29:00,25,31
4394,2024-10-24 11:29:00,2024-10-24 11:29:00,24,31
4395,2024-10-24 11:29:00,2024-10-24 11:29:00,66,31
4396,2024-10-24 11:29:00,2024-10-24 11:29:00,18,31
4397,2024-10-24 11:29:00,2024-10-24 11:29:00,78,31
4398,2024-10-24 11:29:00,2024-10-24 11:29:00,34,31
4399,2024-10-24 11:29:00,2024-10-24 11:29:00,20,31
4400,2024-10-24 11:29:00,2024-10-24 11:29:00,61,31
4401,2024-10-24 11:29:00,2024-10-24 11:29:00,21,31
4402,2024-10-24 11:29:00,2024-10-24 11:29:00,49,31
4403,2024-10-24 11:29:00,2024-10-24 11:29:00,50,31
4404,2024-10-24 11:29:00,2024-10-24 11:29:00,41,31
4405,2024-10-24 11:29:00,2024-10-24 11:29:00,38,31
4406,2024-10-24 11:29:00,2024-10-24 11:29:00,75,31
4407,2024-10-24 11:29:00,2024-10-24 11:29:00,70,31
4408,2024-10-24 11:29:00,2024-10-24 11:29:00,36,31
4409,2024-10-24 11:29:00,2024-10-24 11:29:00,1,31
4410,2024-10-24 11:29:00,2024-10-24 11:29:00,72,31
4411,2024-10-24 11:29:00,2024-10-24 11:29:00,6,31
4412,2024-10-24 11:29:00,2024-10-24 11:29:00,10,31
4413,2024-10-24 11:29:00,2024-10-24 11:29:00,44,31
4414,2024-10-24 11:29:00,2024-10-24 11:29:00,74,31
4415,2024-10-24 11:29:00,2024-10-24 11:29:00,8,31
4416,2024-10-24 11:29:00,2024-10-24 11:29:00,37,31
4417,2024-10-24 11:29:00,2024-10-24 11:29:00,12,31
4418,2024-10-24 11:29:00,2024-10-24 11:29:00,81,31
4419,2024-10-24 11:29:00,2024-10-24 11:29:00,69,31
4420,2024-10-24 11:29:00,2024-10-24 11:29:00,15,31
4421,2024-10-24 11:29:00,2024-10-24 11:29:00,46,31
4422,2024-10-24 11:29:00,2024-10-24 11:29:00,77,31
4423,2024-10-24 11:29:00,2024-10-24 11:29:00,23,31
4424,2024-10-24 11:29:00,2024-10-24 11:29:00,33,31
4425,2024-10-24 11:29:00,2024-10-24 11:29:00,29,31
4426,2024-10-24 11:29:00,2024-10-24 11:29:00,42,31
4427,2024-10-24 11:29:00,2024-10-24 11:29:00,47,31
4428,2024-10-24 11:29:00,2024-10-24 11:29:00,4,31
4429,2024-10-24 11:29:00,2024-10-24 11:29:00,31,31
4430,2024-10-24 11:29:00,2024-10-24 11:29:00,60,31
4431,2024-10-24 11:29:00,2024-10-24 11:29:00,52,31
4432,2024-10-24 11:29:16,2024-10-24 11:29:16,40,30
4433,2024-10-24 11:29:16,2024-10-24 11:29:16,2,30
4434,2024-10-24 11:29:16,2024-10-24 11:29:16,14,30
4435,2024-10-24 11:29:16,2024-10-24 11:29:16,13,30
4436,2024-10-24 11:29:16,2024-10-24 11:29:16,53,30
4437,2024-10-24 11:29:16,2024-10-24 11:29:16,64,30
4438,2024-10-24 11:29:16,2024-10-24 11:29:16,11,30
4439,2024-10-24 11:29:16,2024-10-24 11:29:16,73,30
4440,2024-10-24 11:29:16,2024-10-24 11:29:16,62,30
4441,2024-10-24 11:29:16,2024-10-24 11:29:16,35,30
4442,2024-10-24 11:29:16,2024-10-24 11:29:16,71,30
4443,2024-10-24 11:29:16,2024-10-24 11:29:16,43,30
4444,2024-10-24 11:29:16,2024-10-24 11:29:16,27,30
4445,2024-10-24 11:29:16,2024-10-24 11:29:16,79,30
4446,2024-10-24 11:29:16,2024-10-24 11:29:16,51,30
4447,2024-10-24 11:29:16,2024-10-24 11:29:16,32,30
4448,2024-10-24 11:29:16,2024-10-24 11:29:16,7,30
4449,2024-10-24 11:29:16,2024-10-24 11:29:16,55,30
4450,2024-10-24 11:29:16,2024-10-24 11:29:16,80,30
4451,2024-10-24 11:29:16,2024-10-24 11:29:16,65,30
4452,2024-10-24 11:29:16,2024-10-24 11:29:16,57,30
4453,2024-10-24 11:29:16,2024-10-24 11:29:16,54,30
4454,2024-10-24 11:29:16,2024-10-24 11:29:16,76,30
4455,2024-10-24 11:29:16,2024-10-24 11:29:16,68,30
4456,2024-10-24 11:29:16,2024-10-24 11:29:16,25,30
4457,2024-10-24 11:29:16,2024-10-24 11:29:16,24,30
4458,2024-10-24 11:29:16,2024-10-24 11:29:16,66,30
4459,2024-10-24 11:29:16,2024-10-24 11:29:16,18,30
4460,2024-10-24 11:29:16,2024-10-24 11:29:16,78,30
4461,2024-10-24 11:29:16,2024-10-24 11:29:16,34,30
4462,2024-10-24 11:29:16,2024-10-24 11:29:16,20,30
4463,2024-10-24 11:29:16,2024-10-24 11:29:16,61,30
4464,2024-10-24 11:29:16,2024-10-24 11:29:16,21,30
4465,2024-10-24 11:29:16,2024-10-24 11:29:16,49,30
4466,2024-10-24 11:29:16,2024-10-24 11:29:16,50,30
4467,2024-10-24 11:29:16,2024-10-24 11:29:16,41,30
4468,2024-10-24 11:29:16,2024-10-24 11:29:16,38,30
4469,2024-10-24 11:29:16,2024-10-24 11:29:16,75,30
4470,2024-10-24 11:29:16,2024-10-24 11:29:16,70,30
4471,2024-10-24 11:29:16,2024-10-24 11:29:16,36,30
4472,2024-10-24 11:29:16,2024-10-24 11:29:16,1,30
4473,2024-10-24 11:29:16,2024-10-24 11:29:16,72,30
4474,2024-10-24 11:29:16,2024-10-24 11:29:16,6,30
4475,2024-10-24 11:29:16,2024-10-24 11:29:16,10,30
4476,2024-10-24 11:29:16,2024-10-24 11:29:16,44,30
4477,2024-10-24 11:29:16,2024-10-24 11:29:16,74,30
4478,2024-10-24 11:29:16,2024-10-24 11:29:16,8,30
4479,2024-10-24 11:29:16,2024-10-24 11:29:16,37,30
4480,2024-10-24 11:29:16,2024-10-24 11:29:16,12,30
4481,2024-10-24 11:29:16,2024-10-24 11:29:16,81,30
4482,2024-10-24 11:29:16,2024-10-24 11:29:16,69,30
4483,2024-10-24 11:29:16,2024-10-24 11:29:16,15,30
4484,2024-10-24 11:29:16,2024-10-24 11:29:16,46,30
4485,2024-10-24 11:29:16,2024-10-24 11:29:16,77,30
4486,2024-10-24 11:29:16,2024-10-24 11:29:16,23,30
4487,2024-10-24 11:29:16,2024-10-24 11:29:16,33,30
4488,2024-10-24 11:29:16,2024-10-24 11:29:16,29,30
4489,2024-10-24 11:29:16,2024-10-24 11:29:16,42,30
4490,2024-10-24 11:29:16,2024-10-24 11:29:16,47,30
4491,2024-10-24 11:29:16,2024-10-24 11:29:16,4,30
4492,2024-10-24 11:29:16,2024-10-24 11:29:16,31,30
4493,2024-10-24 11:29:16,2024-10-24 11:29:16,60,30
4494,2024-10-24 11:29:16,2024-10-24 11:29:16,52,30
4495,2024-10-24 11:29:24,2024-10-24 11:29:24,40,29
4496,2024-10-24 11:29:24,2024-10-24 11:29:24,2,29
4497,2024-10-24 11:29:24,2024-10-24 11:29:24,14,29
4498,2024-10-24 11:29:24,2024-10-24 11:29:24,13,29
4499,2024-10-24 11:29:24,2024-10-24 11:29:24,53,29
4500,2024-10-24 11:29:24,2024-10-24 11:29:24,64,29
4501,2024-10-24 11:29:24,2024-10-24 11:29:24,11,29
4502,2024-10-24 11:29:24,2024-10-24 11:29:24,73,29
4503,2024-10-24 11:29:24,2024-10-24 11:29:24,62,29
4504,2024-10-24 11:29:24,2024-10-24 11:29:24,35,29
4505,2024-10-24 11:29:24,2024-10-24 11:29:24,71,29
4506,2024-10-24 11:29:24,2024-10-24 11:29:24,43,29
4507,2024-10-24 11:29:24,2024-10-24 11:29:24,27,29
4508,2024-10-24 11:29:24,2024-10-24 11:29:24,79,29
4509,2024-10-24 11:29:24,2024-10-24 11:29:24,51,29
4510,2024-10-24 11:29:24,2024-10-24 11:29:24,32,29
4511,2024-10-24 11:29:24,2024-10-24 11:29:24,7,29
4512,2024-10-24 11:29:24,2024-10-24 11:29:24,55,29
4513,2024-10-24 11:29:24,2024-10-24 11:29:24,80,29
4514,2024-10-24 11:29:24,2024-10-24 11:29:24,65,29
4515,2024-10-24 11:29:24,2024-10-24 11:29:24,57,29
4516,2024-10-24 11:29:24,2024-10-24 11:29:24,54,29
4517,2024-10-24 11:29:24,2024-10-24 11:29:24,76,29
4518,2024-10-24 11:29:24,2024-10-24 11:29:24,68,29
4519,2024-10-24 11:29:24,2024-10-24 11:29:24,25,29
4520,2024-10-24 11:29:24,2024-10-24 11:29:24,24,29
4521,2024-10-24 11:29:24,2024-10-24 11:29:24,66,29
4522,2024-10-24 11:29:24,2024-10-24 11:29:24,18,29
4523,2024-10-24 11:29:24,2024-10-24 11:29:24,78,29
4524,2024-10-24 11:29:24,2024-10-24 11:29:24,34,29
4525,2024-10-24 11:29:24,2024-10-24 11:29:24,20,29
4526,2024-10-24 11:29:24,2024-10-24 11:29:24,61,29
4527,2024-10-24 11:29:24,2024-10-24 11:29:24,21,29
4528,2024-10-24 11:29:24,2024-10-24 11:29:24,49,29
4529,2024-10-24 11:29:24,2024-10-24 11:29:24,50,29
4530,2024-10-24 11:29:24,2024-10-24 11:29:24,41,29
4531,2024-10-24 11:29:24,2024-10-24 11:29:24,38,29
4532,2024-10-24 11:29:24,2024-10-24 11:29:24,75,29
4533,2024-10-24 11:29:24,2024-10-24 11:29:24,70,29
4534,2024-10-24 11:29:24,2024-10-24 11:29:24,36,29
4535,2024-10-24 11:29:24,2024-10-24 11:29:24,1,29
4536,2024-10-24 11:29:24,2024-10-24 11:29:24,72,29
4537,2024-10-24 11:29:24,2024-10-24 11:29:24,6,29
4538,2024-10-24 11:29:24,2024-10-24 11:29:24,10,29
4539,2024-10-24 11:29:24,2024-10-24 11:29:24,44,29
4540,2024-10-24 11:29:24,2024-10-24 11:29:24,74,29
4541,2024-10-24 11:29:24,2024-10-24 11:29:24,8,29
4542,2024-10-24 11:29:24,2024-10-24 11:29:24,37,29
4543,2024-10-24 11:29:24,2024-10-24 11:29:24,12,29
4544,2024-10-24 11:29:24,2024-10-24 11:29:24,81,29
4545,2024-10-24 11:29:24,2024-10-24 11:29:24,69,29
4546,2024-10-24 11:29:24,2024-10-24 11:29:24,15,29
4547,2024-10-24 11:29:24,2024-10-24 11:29:24,46,29
4548,2024-10-24 11:29:24,2024-10-24 11:29:24,77,29
4549,2024-10-24 11:29:24,2024-10-24 11:29:24,23,29
4550,2024-10-24 11:29:24,2024-10-24 11:29:24,33,29
4551,2024-10-24 11:29:24,2024-10-24 11:29:24,29,29
4552,2024-10-24 11:29:24,2024-10-24 11:29:24,42,29
4553,2024-10-24 11:29:24,2024-10-24 11:29:24,47,29
4554,2024-10-24 11:29:24,2024-10-24 11:29:24,4,29
4555,2024-10-24 11:29:24,2024-10-24 11:29:24,31,29
4556,2024-10-24 11:29:24,2024-10-24 11:29:24,60,29
4557,2024-10-24 11:29:24,2024-10-24 11:29:24,52,29
4558,2024-10-24 11:29:34,2024-10-24 11:29:34,40,28
4559,2024-10-24 11:29:34,2024-10-24 11:29:34,2,28
4560,2024-10-24 11:29:34,2024-10-24 11:29:34,14,28
4561,2024-10-24 11:29:34,2024-10-24 11:29:34,13,28
4562,2024-10-24 11:29:34,2024-10-24 11:29:34,53,28
4563,2024-10-24 11:29:34,2024-10-24 11:29:34,64,28
4564,2024-10-24 11:29:34,2024-10-24 11:29:34,11,28
4565,2024-10-24 11:29:34,2024-10-24 11:29:34,73,28
4566,2024-10-24 11:29:34,2024-10-24 11:29:34,62,28
4567,2024-10-24 11:29:34,2024-10-24 11:29:34,35,28
4568,2024-10-24 11:29:34,2024-10-24 11:29:34,71,28
4569,2024-10-24 11:29:34,2024-10-24 11:29:34,43,28
4570,2024-10-24 11:29:34,2024-10-24 11:29:34,27,28
4571,2024-10-24 11:29:34,2024-10-24 11:29:34,79,28
4572,2024-10-24 11:29:34,2024-10-24 11:29:34,51,28
4573,2024-10-24 11:29:34,2024-10-24 11:29:34,32,28
4574,2024-10-24 11:29:34,2024-10-24 11:29:34,7,28
4575,2024-10-24 11:29:34,2024-10-24 11:29:34,55,28
4576,2024-10-24 11:29:34,2024-10-24 11:29:34,80,28
4577,2024-10-24 11:29:34,2024-10-24 11:29:34,65,28
4578,2024-10-24 11:29:34,2024-10-24 11:29:34,57,28
4579,2024-10-24 11:29:34,2024-10-24 11:29:34,54,28
4580,2024-10-24 11:29:34,2024-10-24 11:29:34,76,28
4581,2024-10-24 11:29:34,2024-10-24 11:29:34,68,28
4582,2024-10-24 11:29:34,2024-10-24 11:29:34,25,28
4583,2024-10-24 11:29:34,2024-10-24 11:29:34,24,28
4584,2024-10-24 11:29:34,2024-10-24 11:29:34,66,28
4585,2024-10-24 11:29:34,2024-10-24 11:29:34,18,28
4586,2024-10-24 11:29:34,2024-10-24 11:29:34,78,28
4587,2024-10-24 11:29:34,2024-10-24 11:29:34,34,28
4588,2024-10-24 11:29:34,2024-10-24 11:29:34,20,28
4589,2024-10-24 11:29:34,2024-10-24 11:29:34,61,28
4590,2024-10-24 11:29:34,2024-10-24 11:29:34,21,28
4591,2024-10-24 11:29:34,2024-10-24 11:29:34,49,28
4592,2024-10-24 11:29:34,2024-10-24 11:29:34,50,28
4593,2024-10-24 11:29:34,2024-10-24 11:29:34,41,28
4594,2024-10-24 11:29:34,2024-10-24 11:29:34,38,28
4595,2024-10-24 11:29:34,2024-10-24 11:29:34,75,28
4596,2024-10-24 11:29:34,2024-10-24 11:29:34,70,28
4597,2024-10-24 11:29:34,2024-10-24 11:29:34,36,28
4598,2024-10-24 11:29:34,2024-10-24 11:29:34,1,28
4599,2024-10-24 11:29:34,2024-10-24 11:29:34,72,28
4600,2024-10-24 11:29:34,2024-10-24 11:29:34,6,28
4601,2024-10-24 11:29:34,2024-10-24 11:29:34,10,28
4602,2024-10-24 11:29:34,2024-10-24 11:29:34,44,28
4603,2024-10-24 11:29:34,2024-10-24 11:29:34,74,28
4604,2024-10-24 11:29:34,2024-10-24 11:29:34,8,28
4605,2024-10-24 11:29:34,2024-10-24 11:29:34,37,28
4606,2024-10-24 11:29:34,2024-10-24 11:29:34,12,28
4607,2024-10-24 11:29:34,2024-10-24 11:29:34,81,28
4608,2024-10-24 11:29:34,2024-10-24 11:29:34,69,28
4609,2024-10-24 11:29:34,2024-10-24 11:29:34,15,28
4610,2024-10-24 11:29:34,2024-10-24 11:29:34,46,28
4611,2024-10-24 11:29:34,2024-10-24 11:29:34,77,28
4612,2024-10-24 11:29:34,2024-10-24 11:29:34,23,28
4613,2024-10-24 11:29:34,2024-10-24 11:29:34,33,28
4614,2024-10-24 11:29:34,2024-10-24 11:29:34,29,28
4615,2024-10-24 11:29:34,2024-10-24 11:29:34,42,28
4616,2024-10-24 11:29:34,2024-10-24 11:29:34,47,28
4617,2024-10-24 11:29:34,2024-10-24 11:29:34,4,28
4618,2024-10-24 11:29:34,2024-10-24 11:29:34,31,28
4619,2024-10-24 11:29:34,2024-10-24 11:29:34,60,28
4620,2024-10-24 11:29:34,2024-10-24 11:29:34,52,28
4621,2024-10-24 11:29:45,2024-10-24 11:29:45,40,27
4622,2024-10-24 11:29:45,2024-10-24 11:29:45,2,27
4623,2024-10-24 11:29:45,2024-10-24 11:29:45,14,27
4624,2024-10-24 11:29:45,2024-10-24 11:29:45,13,27
4625,2024-10-24 11:29:45,2024-10-24 11:29:45,53,27
4626,2024-10-24 11:29:45,2024-10-24 11:29:45,64,27
4627,2024-10-24 11:29:45,2024-10-24 11:29:45,11,27
4628,2024-10-24 11:29:45,2024-10-24 11:29:45,73,27
4629,2024-10-24 11:29:45,2024-10-24 11:29:45,62,27
4630,2024-10-24 11:29:45,2024-10-24 11:29:45,35,27
4631,2024-10-24 11:29:45,2024-10-24 11:29:45,71,27
4632,2024-10-24 11:29:45,2024-10-24 11:29:45,43,27
4633,2024-10-24 11:29:45,2024-10-24 11:29:45,27,27
4634,2024-10-24 11:29:45,2024-10-24 11:29:45,79,27
4635,2024-10-24 11:29:45,2024-10-24 11:29:45,51,27
4636,2024-10-24 11:29:45,2024-10-24 11:29:45,32,27
4637,2024-10-24 11:29:45,2024-10-24 11:29:45,7,27
4638,2024-10-24 11:29:45,2024-10-24 11:29:45,55,27
4639,2024-10-24 11:29:45,2024-10-24 11:29:45,80,27
4640,2024-10-24 11:29:45,2024-10-24 11:29:45,65,27
4641,2024-10-24 11:29:45,2024-10-24 11:29:45,57,27
4642,2024-10-24 11:29:45,2024-10-24 11:29:45,54,27
4643,2024-10-24 11:29:45,2024-10-24 11:29:45,76,27
4644,2024-10-24 11:29:45,2024-10-24 11:29:45,68,27
4645,2024-10-24 11:29:45,2024-10-24 11:29:45,25,27
4646,2024-10-24 11:29:45,2024-10-24 11:29:45,24,27
4647,2024-10-24 11:29:45,2024-10-24 11:29:45,66,27
4648,2024-10-24 11:29:45,2024-10-24 11:29:45,18,27
4649,2024-10-24 11:29:45,2024-10-24 11:29:45,78,27
4650,2024-10-24 11:29:45,2024-10-24 11:29:45,34,27
4651,2024-10-24 11:29:45,2024-10-24 11:29:45,20,27
4652,2024-10-24 11:29:45,2024-10-24 11:29:45,61,27
4653,2024-10-24 11:29:45,2024-10-24 11:29:45,21,27
4654,2024-10-24 11:29:45,2024-10-24 11:29:45,49,27
4655,2024-10-24 11:29:45,2024-10-24 11:29:45,50,27
4656,2024-10-24 11:29:45,2024-10-24 11:29:45,41,27
4657,2024-10-24 11:29:45,2024-10-24 11:29:45,38,27
4658,2024-10-24 11:29:45,2024-10-24 11:29:45,75,27
4659,2024-10-24 11:29:45,2024-10-24 11:29:45,70,27
4660,2024-10-24 11:29:45,2024-10-24 11:29:45,36,27
4661,2024-10-24 11:29:45,2024-10-24 11:29:45,1,27
4662,2024-10-24 11:29:45,2024-10-24 11:29:45,72,27
4663,2024-10-24 11:29:45,2024-10-24 11:29:45,6,27
4664,2024-10-24 11:29:45,2024-10-24 11:29:45,10,27
4665,2024-10-24 11:29:45,2024-10-24 11:29:45,44,27
4666,2024-10-24 11:29:45,2024-10-24 11:29:45,74,27
4667,2024-10-24 11:29:45,2024-10-24 11:29:45,8,27
4668,2024-10-24 11:29:45,2024-10-24 11:29:45,37,27
4669,2024-10-24 11:29:45,2024-10-24 11:29:45,12,27
4670,2024-10-24 11:29:45,2024-10-24 11:29:45,81,27
4671,2024-10-24 11:29:45,2024-10-24 11:29:45,69,27
4672,2024-10-24 11:29:45,2024-10-24 11:29:45,15,27
4673,2024-10-24 11:29:45,2024-10-24 11:29:45,46,27
4674,2024-10-24 11:29:45,2024-10-24 11:29:45,77,27
4675,2024-10-24 11:29:45,2024-10-24 11:29:45,23,27
4676,2024-10-24 11:29:45,2024-10-24 11:29:45,33,27
4677,2024-10-24 11:29:45,2024-10-24 11:29:45,29,27
4678,2024-10-24 11:29:45,2024-10-24 11:29:45,42,27
4679,2024-10-24 11:29:45,2024-10-24 11:29:45,47,27
4680,2024-10-24 11:29:45,2024-10-24 11:29:45,4,27
4681,2024-10-24 11:29:45,2024-10-24 11:29:45,31,27
4682,2024-10-24 11:29:45,2024-10-24 11:29:45,60,27
4683,2024-10-24 11:29:45,2024-10-24 11:29:45,52,27
4684,2024-10-24 11:29:57,2024-10-24 11:29:57,40,26
4685,2024-10-24 11:29:57,2024-10-24 11:29:57,2,26
4686,2024-10-24 11:29:57,2024-10-24 11:29:57,14,26
4687,2024-10-24 11:29:57,2024-10-24 11:29:57,13,26
4688,2024-10-24 11:29:57,2024-10-24 11:29:57,53,26
4689,2024-10-24 11:29:57,2024-10-24 11:29:57,64,26
4690,2024-10-24 11:29:57,2024-10-24 11:29:57,11,26
4691,2024-10-24 11:29:57,2024-10-24 11:29:57,73,26
4692,2024-10-24 11:29:57,2024-10-24 11:29:57,62,26
4693,2024-10-24 11:29:57,2024-10-24 11:29:57,35,26
4694,2024-10-24 11:29:57,2024-10-24 11:29:57,71,26
4695,2024-10-24 11:29:57,2024-10-24 11:29:57,43,26
4696,2024-10-24 11:29:57,2024-10-24 11:29:57,27,26
4697,2024-10-24 11:29:57,2024-10-24 11:29:57,79,26
4698,2024-10-24 11:29:57,2024-10-24 11:29:57,51,26
4699,2024-10-24 11:29:57,2024-10-24 11:29:57,32,26
4700,2024-10-24 11:29:57,2024-10-24 11:29:57,7,26
4701,2024-10-24 11:29:57,2024-10-24 11:29:57,55,26
4702,2024-10-24 11:29:57,2024-10-24 11:29:57,80,26
4703,2024-10-24 11:29:57,2024-10-24 11:29:57,65,26
4704,2024-10-24 11:29:57,2024-10-24 11:29:57,57,26
4705,2024-10-24 11:29:57,2024-10-24 11:29:57,54,26
4706,2024-10-24 11:29:57,2024-10-24 11:29:57,76,26
4707,2024-10-24 11:29:57,2024-10-24 11:29:57,68,26
4708,2024-10-24 11:29:57,2024-10-24 11:29:57,25,26
4709,2024-10-24 11:29:57,2024-10-24 11:29:57,24,26
4710,2024-10-24 11:29:57,2024-10-24 11:29:57,66,26
4711,2024-10-24 11:29:57,2024-10-24 11:29:57,18,26
4712,2024-10-24 11:29:57,2024-10-24 11:29:57,78,26
4713,2024-10-24 11:29:57,2024-10-24 11:29:57,34,26
4714,2024-10-24 11:29:57,2024-10-24 11:29:57,20,26
4715,2024-10-24 11:29:57,2024-10-24 11:29:57,61,26
4716,2024-10-24 11:29:57,2024-10-24 11:29:57,21,26
4717,2024-10-24 11:29:57,2024-10-24 11:29:57,49,26
4718,2024-10-24 11:29:57,2024-10-24 11:29:57,50,26
4719,2024-10-24 11:29:57,2024-10-24 11:29:57,41,26
4720,2024-10-24 11:29:57,2024-10-24 11:29:57,38,26
4721,2024-10-24 11:29:57,2024-10-24 11:29:57,75,26
4722,2024-10-24 11:29:57,2024-10-24 11:29:57,70,26
4723,2024-10-24 11:29:57,2024-10-24 11:29:57,36,26
4724,2024-10-24 11:29:57,2024-10-24 11:29:57,1,26
4725,2024-10-24 11:29:57,2024-10-24 11:29:57,72,26
4726,2024-10-24 11:29:57,2024-10-24 11:29:57,6,26
4727,2024-10-24 11:29:57,2024-10-24 11:29:57,10,26
4728,2024-10-24 11:29:57,2024-10-24 11:29:57,44,26
4729,2024-10-24 11:29:57,2024-10-24 11:29:57,74,26
4730,2024-10-24 11:29:57,2024-10-24 11:29:57,8,26
4731,2024-10-24 11:29:57,2024-10-24 11:29:57,37,26
4732,2024-10-24 11:29:57,2024-10-24 11:29:57,12,26
4733,2024-10-24 11:29:57,2024-10-24 11:29:57,81,26
4734,2024-10-24 11:29:57,2024-10-24 11:29:57,69,26
4735,2024-10-24 11:29:57,2024-10-24 11:29:57,15,26
4736,2024-10-24 11:29:57,2024-10-24 11:29:57,46,26
4737,2024-10-24 11:29:57,2024-10-24 11:29:57,77,26
4738,2024-10-24 11:29:57,2024-10-24 11:29:57,23,26
4739,2024-10-24 11:29:57,2024-10-24 11:29:57,33,26
4740,2024-10-24 11:29:57,2024-10-24 11:29:57,29,26
4741,2024-10-24 11:29:57,2024-10-24 11:29:57,42,26
4742,2024-10-24 11:29:57,2024-10-24 11:29:57,47,26
4743,2024-10-24 11:29:57,2024-10-24 11:29:57,4,26
4744,2024-10-24 11:29:57,2024-10-24 11:29:57,31,26
4745,2024-10-24 11:29:57,2024-10-24 11:29:57,60,26
4746,2024-10-24 11:29:57,2024-10-24 11:29:57,52,26
4747,2024-10-24 11:30:05,2024-10-24 11:30:05,40,25
4748,2024-10-24 11:30:05,2024-10-24 11:30:05,2,25
4749,2024-10-24 11:30:05,2024-10-24 11:30:05,14,25
4750,2024-10-24 11:30:05,2024-10-24 11:30:05,13,25
4751,2024-10-24 11:30:05,2024-10-24 11:30:05,53,25
4752,2024-10-24 11:30:05,2024-10-24 11:30:05,64,25
4753,2024-10-24 11:30:05,2024-10-24 11:30:05,11,25
4754,2024-10-24 11:30:05,2024-10-24 11:30:05,73,25
4755,2024-10-24 11:30:05,2024-10-24 11:30:05,62,25
4756,2024-10-24 11:30:05,2024-10-24 11:30:05,35,25
4757,2024-10-24 11:30:05,2024-10-24 11:30:05,71,25
4758,2024-10-24 11:30:05,2024-10-24 11:30:05,43,25
4759,2024-10-24 11:30:05,2024-10-24 11:30:05,27,25
4760,2024-10-24 11:30:05,2024-10-24 11:30:05,79,25
4761,2024-10-24 11:30:05,2024-10-24 11:30:05,51,25
4762,2024-10-24 11:30:05,2024-10-24 11:30:05,32,25
4763,2024-10-24 11:30:05,2024-10-24 11:30:05,7,25
4764,2024-10-24 11:30:05,2024-10-24 11:30:05,55,25
4765,2024-10-24 11:30:05,2024-10-24 11:30:05,80,25
4766,2024-10-24 11:30:05,2024-10-24 11:30:05,65,25
4767,2024-10-24 11:30:05,2024-10-24 11:30:05,57,25
4768,2024-10-24 11:30:05,2024-10-24 11:30:05,54,25
4769,2024-10-24 11:30:05,2024-10-24 11:30:05,76,25
4770,2024-10-24 11:30:05,2024-10-24 11:30:05,68,25
4771,2024-10-24 11:30:05,2024-10-24 11:30:05,25,25
4772,2024-10-24 11:30:05,2024-10-24 11:30:05,24,25
4773,2024-10-24 11:30:05,2024-10-24 11:30:05,66,25
4774,2024-10-24 11:30:05,2024-10-24 11:30:05,18,25
4775,2024-10-24 11:30:05,2024-10-24 11:30:05,78,25
4776,2024-10-24 11:30:05,2024-10-24 11:30:05,34,25
4777,2024-10-24 11:30:05,2024-10-24 11:30:05,20,25
4778,2024-10-24 11:30:05,2024-10-24 11:30:05,61,25
4779,2024-10-24 11:30:05,2024-10-24 11:30:05,21,25
4780,2024-10-24 11:30:05,2024-10-24 11:30:05,49,25
4781,2024-10-24 11:30:05,2024-10-24 11:30:05,50,25
4782,2024-10-24 11:30:05,2024-10-24 11:30:05,41,25
4783,2024-10-24 11:30:05,2024-10-24 11:30:05,38,25
4784,2024-10-24 11:30:05,2024-10-24 11:30:05,75,25
4785,2024-10-24 11:30:05,2024-10-24 11:30:05,70,25
4786,2024-10-24 11:30:05,2024-10-24 11:30:05,36,25
4787,2024-10-24 11:30:05,2024-10-24 11:30:05,1,25
4788,2024-10-24 11:30:05,2024-10-24 11:30:05,72,25
4789,2024-10-24 11:30:05,2024-10-24 11:30:05,6,25
4790,2024-10-24 11:30:05,2024-10-24 11:30:05,10,25
4791,2024-10-24 11:30:05,2024-10-24 11:30:05,44,25
4792,2024-10-24 11:30:05,2024-10-24 11:30:05,74,25
4793,2024-10-24 11:30:05,2024-10-24 11:30:05,8,25
4794,2024-10-24 11:30:05,2024-10-24 11:30:05,37,25
4795,2024-10-24 11:30:05,2024-10-24 11:30:05,12,25
4796,2024-10-24 11:30:05,2024-10-24 11:30:05,81,25
4797,2024-10-24 11:30:05,2024-10-24 11:30:05,69,25
4798,2024-10-24 11:30:05,2024-10-24 11:30:05,15,25
4799,2024-10-24 11:30:05,2024-10-24 11:30:05,46,25
4800,2024-10-24 11:30:05,2024-10-24 11:30:05,77,25
4801,2024-10-24 11:30:05,2024-10-24 11:30:05,23,25
4802,2024-10-24 11:30:05,2024-10-24 11:30:05,33,25
4803,2024-10-24 11:30:05,2024-10-24 11:30:05,29,25
4804,2024-10-24 11:30:05,2024-10-24 11:30:05,42,25
4805,2024-10-24 11:30:05,2024-10-24 11:30:05,47,25
4806,2024-10-24 11:30:05,2024-10-24 11:30:05,4,25
4807,2024-10-24 11:30:05,2024-10-24 11:30:05,31,25
4808,2024-10-24 11:30:05,2024-10-24 11:30:05,60,25
4809,2024-10-24 11:30:05,2024-10-24 11:30:05,52,25
4810,2024-10-24 11:30:13,2024-10-24 11:30:13,40,24
4811,2024-10-24 11:30:13,2024-10-24 11:30:13,2,24
4812,2024-10-24 11:30:13,2024-10-24 11:30:13,14,24
4813,2024-10-24 11:30:13,2024-10-24 11:30:13,13,24
4814,2024-10-24 11:30:13,2024-10-24 11:30:13,53,24
4815,2024-10-24 11:30:13,2024-10-24 11:30:13,64,24
4816,2024-10-24 11:30:13,2024-10-24 11:30:13,11,24
4817,2024-10-24 11:30:13,2024-10-24 11:30:13,73,24
4818,2024-10-24 11:30:13,2024-10-24 11:30:13,62,24
4819,2024-10-24 11:30:13,2024-10-24 11:30:13,35,24
4820,2024-10-24 11:30:13,2024-10-24 11:30:13,71,24
4821,2024-10-24 11:30:13,2024-10-24 11:30:13,43,24
4822,2024-10-24 11:30:13,2024-10-24 11:30:13,27,24
4823,2024-10-24 11:30:13,2024-10-24 11:30:13,79,24
4824,2024-10-24 11:30:13,2024-10-24 11:30:13,51,24
4825,2024-10-24 11:30:13,2024-10-24 11:30:13,32,24
4826,2024-10-24 11:30:13,2024-10-24 11:30:13,7,24
4827,2024-10-24 11:30:13,2024-10-24 11:30:13,55,24
4828,2024-10-24 11:30:13,2024-10-24 11:30:13,80,24
4829,2024-10-24 11:30:13,2024-10-24 11:30:13,65,24
4830,2024-10-24 11:30:13,2024-10-24 11:30:13,57,24
4831,2024-10-24 11:30:13,2024-10-24 11:30:13,54,24
4832,2024-10-24 11:30:13,2024-10-24 11:30:13,76,24
4833,2024-10-24 11:30:13,2024-10-24 11:30:13,68,24
4834,2024-10-24 11:30:13,2024-10-24 11:30:13,25,24
4835,2024-10-24 11:30:13,2024-10-24 11:30:13,24,24
4836,2024-10-24 11:30:13,2024-10-24 11:30:13,66,24
4837,2024-10-24 11:30:13,2024-10-24 11:30:13,18,24
4838,2024-10-24 11:30:13,2024-10-24 11:30:13,78,24
4839,2024-10-24 11:30:13,2024-10-24 11:30:13,34,24
4840,2024-10-24 11:30:13,2024-10-24 11:30:13,20,24
4841,2024-10-24 11:30:13,2024-10-24 11:30:13,61,24
4842,2024-10-24 11:30:13,2024-10-24 11:30:13,21,24
4843,2024-10-24 11:30:13,2024-10-24 11:30:13,49,24
4844,2024-10-24 11:30:13,2024-10-24 11:30:13,50,24
4845,2024-10-24 11:30:13,2024-10-24 11:30:13,41,24
4846,2024-10-24 11:30:13,2024-10-24 11:30:13,38,24
4847,2024-10-24 11:30:13,2024-10-24 11:30:13,75,24
4848,2024-10-24 11:30:13,2024-10-24 11:30:13,70,24
4849,2024-10-24 11:30:13,2024-10-24 11:30:13,36,24
4850,2024-10-24 11:30:13,2024-10-24 11:30:13,1,24
4851,2024-10-24 11:30:13,2024-10-24 11:30:13,72,24
4852,2024-10-24 11:30:13,2024-10-24 11:30:13,6,24
4853,2024-10-24 11:30:13,2024-10-24 11:30:13,10,24
4854,2024-10-24 11:30:13,2024-10-24 11:30:13,44,24
4855,2024-10-24 11:30:13,2024-10-24 11:30:13,74,24
4856,2024-10-24 11:30:13,2024-10-24 11:30:13,8,24
4857,2024-10-24 11:30:13,2024-10-24 11:30:13,37,24
4858,2024-10-24 11:30:13,2024-10-24 11:30:13,12,24
4859,2024-10-24 11:30:13,2024-10-24 11:30:13,81,24
4860,2024-10-24 11:30:13,2024-10-24 11:30:13,69,24
4861,2024-10-24 11:30:13,2024-10-24 11:30:13,15,24
4862,2024-10-24 11:30:13,2024-10-24 11:30:13,46,24
4863,2024-10-24 11:30:13,2024-10-24 11:30:13,77,24
4864,2024-10-24 11:30:13,2024-10-24 11:30:13,23,24
4865,2024-10-24 11:30:13,2024-10-24 11:30:13,33,24
4866,2024-10-24 11:30:13,2024-10-24 11:30:13,29,24
4867,2024-10-24 11:30:13,2024-10-24 11:30:13,42,24
4868,2024-10-24 11:30:13,2024-10-24 11:30:13,47,24
4869,2024-10-24 11:30:13,2024-10-24 11:30:13,4,24
4870,2024-10-24 11:30:13,2024-10-24 11:30:13,31,24
4871,2024-10-24 11:30:13,2024-10-24 11:30:13,60,24
4872,2024-10-24 11:30:13,2024-10-24 11:30:13,52,24
4873,2024-10-24 11:30:20,2024-10-24 11:30:20,40,23
4874,2024-10-24 11:30:20,2024-10-24 11:30:20,2,23
4875,2024-10-24 11:30:20,2024-10-24 11:30:20,14,23
4876,2024-10-24 11:30:20,2024-10-24 11:30:20,13,23
4877,2024-10-24 11:30:20,2024-10-24 11:30:20,53,23
4878,2024-10-24 11:30:20,2024-10-24 11:30:20,64,23
4879,2024-10-24 11:30:20,2024-10-24 11:30:20,11,23
4880,2024-10-24 11:30:20,2024-10-24 11:30:20,73,23
4881,2024-10-24 11:30:20,2024-10-24 11:30:20,62,23
4882,2024-10-24 11:30:20,2024-10-24 11:30:20,35,23
4883,2024-10-24 11:30:20,2024-10-24 11:30:20,71,23
4884,2024-10-24 11:30:20,2024-10-24 11:30:20,43,23
4885,2024-10-24 11:30:20,2024-10-24 11:30:20,27,23
4886,2024-10-24 11:30:20,2024-10-24 11:30:20,79,23
4887,2024-10-24 11:30:20,2024-10-24 11:30:20,51,23
4888,2024-10-24 11:30:20,2024-10-24 11:30:20,32,23
4889,2024-10-24 11:30:20,2024-10-24 11:30:20,7,23
4890,2024-10-24 11:30:20,2024-10-24 11:30:20,55,23
4891,2024-10-24 11:30:20,2024-10-24 11:30:20,80,23
4892,2024-10-24 11:30:20,2024-10-24 11:30:20,65,23
4893,2024-10-24 11:30:20,2024-10-24 11:30:20,57,23
4894,2024-10-24 11:30:20,2024-10-24 11:30:20,54,23
4895,2024-10-24 11:30:20,2024-10-24 11:30:20,76,23
4896,2024-10-24 11:30:20,2024-10-24 11:30:20,68,23
4897,2024-10-24 11:30:20,2024-10-24 11:30:20,25,23
4898,2024-10-24 11:30:20,2024-10-24 11:30:20,24,23
4899,2024-10-24 11:30:20,2024-10-24 11:30:20,66,23
4900,2024-10-24 11:30:20,2024-10-24 11:30:20,18,23
4901,2024-10-24 11:30:20,2024-10-24 11:30:20,78,23
4902,2024-10-24 11:30:20,2024-10-24 11:30:20,34,23
4903,2024-10-24 11:30:20,2024-10-24 11:30:20,20,23
4904,2024-10-24 11:30:20,2024-10-24 11:30:20,61,23
4905,2024-10-24 11:30:20,2024-10-24 11:30:20,21,23
4906,2024-10-24 11:30:20,2024-10-24 11:30:20,49,23
4907,2024-10-24 11:30:20,2024-10-24 11:30:20,50,23
4908,2024-10-24 11:30:20,2024-10-24 11:30:20,41,23
4909,2024-10-24 11:30:20,2024-10-24 11:30:20,38,23
4910,2024-10-24 11:30:20,2024-10-24 11:30:20,75,23
4911,2024-10-24 11:30:20,2024-10-24 11:30:20,70,23
4912,2024-10-24 11:30:20,2024-10-24 11:30:20,36,23
4913,2024-10-24 11:30:20,2024-10-24 11:30:20,1,23
4914,2024-10-24 11:30:20,2024-10-24 11:30:20,72,23
4915,2024-10-24 11:30:20,2024-10-24 11:30:20,6,23
4916,2024-10-24 11:30:20,2024-10-24 11:30:20,10,23
4917,2024-10-24 11:30:20,2024-10-24 11:30:20,44,23
4918,2024-10-24 11:30:20,2024-10-24 11:30:20,74,23
4919,2024-10-24 11:30:20,2024-10-24 11:30:20,8,23
4920,2024-10-24 11:30:20,2024-10-24 11:30:20,37,23
4921,2024-10-24 11:30:20,2024-10-24 11:30:20,12,23
4922,2024-10-24 11:30:20,2024-10-24 11:30:20,81,23
4923,2024-10-24 11:30:20,2024-10-24 11:30:20,69,23
4924,2024-10-24 11:30:20,2024-10-24 11:30:20,15,23
4925,2024-10-24 11:30:20,2024-10-24 11:30:20,46,23
4926,2024-10-24 11:30:20,2024-10-24 11:30:20,77,23
4927,2024-10-24 11:30:20,2024-10-24 11:30:20,23,23
4928,2024-10-24 11:30:20,2024-10-24 11:30:20,33,23
4929,2024-10-24 11:30:20,2024-10-24 11:30:20,29,23
4930,2024-10-24 11:30:20,2024-10-24 11:30:20,42,23
4931,2024-10-24 11:30:20,2024-10-24 11:30:20,47,23
4932,2024-10-24 11:30:20,2024-10-24 11:30:20,4,23
4933,2024-10-24 11:30:20,2024-10-24 11:30:20,31,23
4934,2024-10-24 11:30:20,2024-10-24 11:30:20,60,23
4935,2024-10-24 11:30:20,2024-10-24 11:30:20,52,23
4999,2024-10-24 14:58:05,2024-10-24 14:58:05,40,32
5000,2024-10-24 14:58:05,2024-10-24 14:58:05,2,32
5001,2024-10-24 14:58:05,2024-10-24 14:58:05,14,32
5002,2024-10-24 14:58:06,2024-10-24 14:58:06,13,32
5003,2024-10-24 14:58:06,2024-10-24 14:58:06,53,32
5004,2024-10-24 14:58:06,2024-10-24 14:58:06,64,32
5005,2024-10-24 14:58:06,2024-10-24 14:58:06,11,32
5006,2024-10-24 14:58:06,2024-10-24 14:58:06,73,32
5007,2024-10-24 14:58:06,2024-10-24 14:58:06,62,32
5008,2024-10-24 14:58:06,2024-10-24 14:58:06,35,32
5009,2024-10-24 14:58:06,2024-10-24 14:58:06,71,32
5010,2024-10-24 14:58:06,2024-10-24 14:58:06,43,32
5011,2024-10-24 14:58:06,2024-10-24 14:58:06,27,32
5012,2024-10-24 14:58:06,2024-10-24 14:58:06,79,32
5013,2024-10-24 14:58:06,2024-10-24 14:58:06,51,32
5014,2024-10-24 14:58:06,2024-10-24 14:58:06,32,32
5015,2024-10-24 14:58:06,2024-10-24 14:58:06,7,32
5016,2024-10-24 14:58:06,2024-10-24 14:58:06,55,32
5017,2024-10-24 14:58:06,2024-10-24 14:58:06,80,32
5018,2024-10-24 14:58:06,2024-10-24 14:58:06,65,32
5019,2024-10-24 14:58:06,2024-10-24 14:58:06,57,32
5020,2024-10-24 14:58:06,2024-10-24 14:58:06,54,32
5021,2024-10-24 14:58:06,2024-10-24 14:58:06,76,32
5022,2024-10-24 14:58:06,2024-10-24 14:58:06,68,32
5023,2024-10-24 14:58:06,2024-10-24 14:58:06,25,32
5024,2024-10-24 14:58:06,2024-10-24 14:58:06,24,32
5025,2024-10-24 14:58:06,2024-10-24 14:58:06,66,32
5026,2024-10-24 14:58:06,2024-10-24 14:58:06,18,32
5027,2024-10-24 14:58:06,2024-10-24 14:58:06,78,32
5028,2024-10-24 14:58:06,2024-10-24 14:58:06,34,32
5029,2024-10-24 14:58:06,2024-10-24 14:58:06,20,32
5030,2024-10-24 14:58:06,2024-10-24 14:58:06,61,32
5031,2024-10-24 14:58:06,2024-10-24 14:58:06,21,32
5032,2024-10-24 14:58:06,2024-10-24 14:58:06,49,32
5033,2024-10-24 14:58:06,2024-10-24 14:58:06,50,32
5034,2024-10-24 14:58:06,2024-10-24 14:58:06,41,32
5035,2024-10-24 14:58:06,2024-10-24 14:58:06,38,32
5036,2024-10-24 14:58:06,2024-10-24 14:58:06,75,32
5037,2024-10-24 14:58:06,2024-10-24 14:58:06,70,32
5038,2024-10-24 14:58:06,2024-10-24 14:58:06,36,32
5039,2024-10-24 14:58:06,2024-10-24 14:58:06,1,32
5040,2024-10-24 14:58:06,2024-10-24 14:58:06,72,32
5041,2024-10-24 14:58:06,2024-10-24 14:58:06,6,32
5042,2024-10-24 14:58:06,2024-10-24 14:58:06,10,32
5043,2024-10-24 14:58:06,2024-10-24 14:58:06,44,32
5044,2024-10-24 14:58:06,2024-10-24 14:58:06,74,32
5045,2024-10-24 14:58:06,2024-10-24 14:58:06,8,32
5046,2024-10-24 14:58:06,2024-10-24 14:58:06,37,32
5047,2024-10-24 14:58:06,2024-10-24 14:58:06,12,32
5048,2024-10-24 14:58:06,2024-10-24 14:58:06,81,32
5049,2024-10-24 14:58:06,2024-10-24 14:58:06,69,32
5050,2024-10-24 14:58:06,2024-10-24 14:58:06,15,32
5051,2024-10-24 14:58:06,2024-10-24 14:58:06,46,32
5052,2024-10-24 14:58:06,2024-10-24 14:58:06,77,32
5053,2024-10-24 14:58:06,2024-10-24 14:58:06,23,32
5054,2024-10-24 14:58:06,2024-10-24 14:58:06,33,32
5055,2024-10-24 14:58:06,2024-10-24 14:58:06,29,32
5056,2024-10-24 14:58:06,2024-10-24 14:58:06,42,32
5057,2024-10-24 14:58:06,2024-10-24 14:58:06,47,32
5058,2024-10-24 14:58:06,2024-10-24 14:58:06,4,32
5059,2024-10-24 14:58:06,2024-10-24 14:58:06,31,32
5060,2024-10-24 14:58:06,2024-10-24 14:58:06,60,32
5061,2024-10-24 14:58:06,2024-10-24 14:58:06,52,32
5062,2024-10-24 14:58:13,2024-10-24 14:58:13,40,33
5063,2024-10-24 14:58:13,2024-10-24 14:58:13,2,33
5064,2024-10-24 14:58:13,2024-10-24 14:58:13,14,33
5065,2024-10-24 14:58:13,2024-10-24 14:58:13,13,33
5066,2024-10-24 14:58:13,2024-10-24 14:58:13,53,33
5067,2024-10-24 14:58:13,2024-10-24 14:58:13,64,33
5068,2024-10-24 14:58:13,2024-10-24 14:58:13,11,33
5069,2024-10-24 14:58:13,2024-10-24 14:58:13,73,33
5070,2024-10-24 14:58:13,2024-10-24 14:58:13,62,33
5071,2024-10-24 14:58:13,2024-10-24 14:58:13,35,33
5072,2024-10-24 14:58:13,2024-10-24 14:58:13,71,33
5073,2024-10-24 14:58:13,2024-10-24 14:58:13,43,33
5074,2024-10-24 14:58:13,2024-10-24 14:58:13,27,33
5075,2024-10-24 14:58:13,2024-10-24 14:58:13,79,33
5076,2024-10-24 14:58:13,2024-10-24 14:58:13,51,33
5077,2024-10-24 14:58:13,2024-10-24 14:58:13,32,33
5078,2024-10-24 14:58:13,2024-10-24 14:58:13,7,33
5079,2024-10-24 14:58:13,2024-10-24 14:58:13,55,33
5080,2024-10-24 14:58:13,2024-10-24 14:58:13,80,33
5081,2024-10-24 14:58:13,2024-10-24 14:58:13,65,33
5082,2024-10-24 14:58:13,2024-10-24 14:58:13,57,33
5083,2024-10-24 14:58:13,2024-10-24 14:58:13,54,33
5084,2024-10-24 14:58:13,2024-10-24 14:58:13,76,33
5085,2024-10-24 14:58:13,2024-10-24 14:58:13,68,33
5086,2024-10-24 14:58:13,2024-10-24 14:58:13,25,33
5087,2024-10-24 14:58:13,2024-10-24 14:58:13,24,33
5088,2024-10-24 14:58:13,2024-10-24 14:58:13,66,33
5089,2024-10-24 14:58:13,2024-10-24 14:58:13,18,33
5090,2024-10-24 14:58:13,2024-10-24 14:58:13,78,33
5091,2024-10-24 14:58:13,2024-10-24 14:58:13,34,33
5092,2024-10-24 14:58:13,2024-10-24 14:58:13,20,33
5093,2024-10-24 14:58:13,2024-10-24 14:58:13,61,33
5094,2024-10-24 14:58:13,2024-10-24 14:58:13,21,33
5095,2024-10-24 14:58:13,2024-10-24 14:58:13,49,33
5096,2024-10-24 14:58:13,2024-10-24 14:58:13,50,33
5097,2024-10-24 14:58:13,2024-10-24 14:58:13,41,33
5098,2024-10-24 14:58:13,2024-10-24 14:58:13,38,33
5099,2024-10-24 14:58:13,2024-10-24 14:58:13,75,33
5100,2024-10-24 14:58:13,2024-10-24 14:58:13,70,33
5101,2024-10-24 14:58:13,2024-10-24 14:58:13,36,33
5102,2024-10-24 14:58:13,2024-10-24 14:58:13,1,33
5103,2024-10-24 14:58:13,2024-10-24 14:58:13,72,33
5104,2024-10-24 14:58:13,2024-10-24 14:58:13,6,33
5105,2024-10-24 14:58:13,2024-10-24 14:58:13,10,33
5106,2024-10-24 14:58:13,2024-10-24 14:58:13,44,33
5107,2024-10-24 14:58:13,2024-10-24 14:58:13,74,33
5108,2024-10-24 14:58:13,2024-10-24 14:58:13,8,33
5109,2024-10-24 14:58:13,2024-10-24 14:58:13,37,33
5110,2024-10-24 14:58:13,2024-10-24 14:58:13,12,33
5111,2024-10-24 14:58:13,2024-10-24 14:58:13,81,33
5112,2024-10-24 14:58:13,2024-10-24 14:58:13,69,33
5113,2024-10-24 14:58:13,2024-10-24 14:58:13,15,33
5114,2024-10-24 14:58:13,2024-10-24 14:58:13,46,33
5115,2024-10-24 14:58:13,2024-10-24 14:58:13,77,33
5116,2024-10-24 14:58:13,2024-10-24 14:58:13,23,33
5117,2024-10-24 14:58:13,2024-10-24 14:58:13,33,33
5118,2024-10-24 14:58:13,2024-10-24 14:58:13,29,33
5119,2024-10-24 14:58:13,2024-10-24 14:58:13,42,33
5120,2024-10-24 14:58:13,2024-10-24 14:58:13,47,33
5121,2024-10-24 14:58:13,2024-10-24 14:58:13,4,33
5122,2024-10-24 14:58:13,2024-10-24 14:58:13,31,33
5123,2024-10-24 14:58:13,2024-10-24 14:58:13,60,33
5124,2024-10-24 14:58:13,2024-10-24 14:58:13,52,33
5125,2024-10-24 14:58:30,2024-10-24 14:58:30,40,34
5126,2024-10-24 14:58:30,2024-10-24 14:58:30,2,34
5127,2024-10-24 14:58:30,2024-10-24 14:58:30,14,34
5128,2024-10-24 14:58:30,2024-10-24 14:58:30,13,34
5129,2024-10-24 14:58:30,2024-10-24 14:58:30,53,34
5130,2024-10-24 14:58:30,2024-10-24 14:58:30,64,34
5131,2024-10-24 14:58:30,2024-10-24 14:58:30,11,34
5132,2024-10-24 14:58:30,2024-10-24 14:58:30,73,34
5133,2024-10-24 14:58:30,2024-10-24 14:58:30,62,34
5134,2024-10-24 14:58:30,2024-10-24 14:58:30,35,34
5135,2024-10-24 14:58:30,2024-10-24 14:58:30,71,34
5136,2024-10-24 14:58:30,2024-10-24 14:58:30,43,34
5137,2024-10-24 14:58:30,2024-10-24 14:58:30,27,34
5138,2024-10-24 14:58:30,2024-10-24 14:58:30,79,34
5139,2024-10-24 14:58:30,2024-10-24 14:58:30,51,34
5140,2024-10-24 14:58:30,2024-10-24 14:58:30,32,34
5141,2024-10-24 14:58:30,2024-10-24 14:58:30,7,34
5142,2024-10-24 14:58:30,2024-10-24 14:58:30,55,34
5143,2024-10-24 14:58:30,2024-10-24 14:58:30,80,34
5144,2024-10-24 14:58:30,2024-10-24 14:58:30,65,34
5145,2024-10-24 14:58:30,2024-10-24 14:58:30,57,34
5146,2024-10-24 14:58:30,2024-10-24 14:58:30,54,34
5147,2024-10-24 14:58:30,2024-10-24 14:58:30,76,34
5148,2024-10-24 14:58:30,2024-10-24 14:58:30,68,34
5149,2024-10-24 14:58:30,2024-10-24 14:58:30,25,34
5150,2024-10-24 14:58:30,2024-10-24 14:58:30,24,34
5151,2024-10-24 14:58:30,2024-10-24 14:58:30,66,34
5152,2024-10-24 14:58:30,2024-10-24 14:58:30,18,34
5153,2024-10-24 14:58:30,2024-10-24 14:58:30,78,34
5154,2024-10-24 14:58:30,2024-10-24 14:58:30,34,34
5155,2024-10-24 14:58:30,2024-10-24 14:58:30,20,34
5156,2024-10-24 14:58:30,2024-10-24 14:58:30,61,34
5157,2024-10-24 14:58:30,2024-10-24 14:58:30,21,34
5158,2024-10-24 14:58:30,2024-10-24 14:58:30,49,34
5159,2024-10-24 14:58:30,2024-10-24 14:58:30,50,34
5160,2024-10-24 14:58:30,2024-10-24 14:58:30,41,34
5161,2024-10-24 14:58:30,2024-10-24 14:58:30,38,34
5162,2024-10-24 14:58:30,2024-10-24 14:58:30,75,34
5163,2024-10-24 14:58:30,2024-10-24 14:58:30,70,34
5164,2024-10-24 14:58:30,2024-10-24 14:58:30,36,34
5165,2024-10-24 14:58:30,2024-10-24 14:58:30,1,34
5166,2024-10-24 14:58:30,2024-10-24 14:58:30,72,34
5167,2024-10-24 14:58:30,2024-10-24 14:58:30,6,34
5168,2024-10-24 14:58:30,2024-10-24 14:58:30,10,34
5169,2024-10-24 14:58:30,2024-10-24 14:58:30,44,34
5170,2024-10-24 14:58:30,2024-10-24 14:58:30,74,34
5171,2024-10-24 14:58:30,2024-10-24 14:58:30,8,34
5172,2024-10-24 14:58:30,2024-10-24 14:58:30,37,34
5173,2024-10-24 14:58:30,2024-10-24 14:58:30,12,34
5174,2024-10-24 14:58:30,2024-10-24 14:58:30,81,34
5175,2024-10-24 14:58:30,2024-10-24 14:58:30,69,34
5176,2024-10-24 14:58:30,2024-10-24 14:58:30,15,34
5177,2024-10-24 14:58:30,2024-10-24 14:58:30,46,34
5178,2024-10-24 14:58:30,2024-10-24 14:58:30,77,34
5179,2024-10-24 14:58:30,2024-10-24 14:58:30,23,34
5180,2024-10-24 14:58:30,2024-10-24 14:58:30,33,34
5181,2024-10-24 14:58:30,2024-10-24 14:58:30,29,34
5182,2024-10-24 14:58:30,2024-10-24 14:58:30,42,34
5183,2024-10-24 14:58:30,2024-10-24 14:58:30,47,34
5184,2024-10-24 14:58:30,2024-10-24 14:58:30,4,34
5185,2024-10-24 14:58:30,2024-10-24 14:58:30,31,34
5186,2024-10-24 14:58:30,2024-10-24 14:58:30,60,34
5187,2024-10-24 14:58:30,2024-10-24 14:58:30,52,34
5188,2024-10-24 14:58:41,2024-10-24 14:58:41,40,35
5189,2024-10-24 14:58:41,2024-10-24 14:58:41,2,35
5190,2024-10-24 14:58:41,2024-10-24 14:58:41,14,35
5191,2024-10-24 14:58:41,2024-10-24 14:58:41,13,35
5192,2024-10-24 14:58:41,2024-10-24 14:58:41,53,35
5193,2024-10-24 14:58:41,2024-10-24 14:58:41,64,35
5194,2024-10-24 14:58:41,2024-10-24 14:58:41,11,35
5195,2024-10-24 14:58:41,2024-10-24 14:58:41,73,35
5196,2024-10-24 14:58:41,2024-10-24 14:58:41,62,35
5197,2024-10-24 14:58:41,2024-10-24 14:58:41,35,35
5198,2024-10-24 14:58:41,2024-10-24 14:58:41,71,35
5199,2024-10-24 14:58:41,2024-10-24 14:58:41,43,35
5200,2024-10-24 14:58:41,2024-10-24 14:58:41,27,35
5201,2024-10-24 14:58:41,2024-10-24 14:58:41,79,35
5202,2024-10-24 14:58:41,2024-10-24 14:58:41,51,35
5203,2024-10-24 14:58:41,2024-10-24 14:58:41,32,35
5204,2024-10-24 14:58:41,2024-10-24 14:58:41,7,35
5205,2024-10-24 14:58:41,2024-10-24 14:58:41,55,35
5206,2024-10-24 14:58:41,2024-10-24 14:58:41,80,35
5207,2024-10-24 14:58:41,2024-10-24 14:58:41,65,35
5208,2024-10-24 14:58:41,2024-10-24 14:58:41,57,35
5209,2024-10-24 14:58:41,2024-10-24 14:58:41,54,35
5210,2024-10-24 14:58:41,2024-10-24 14:58:41,76,35
5211,2024-10-24 14:58:41,2024-10-24 14:58:41,68,35
5212,2024-10-24 14:58:41,2024-10-24 14:58:41,25,35
5213,2024-10-24 14:58:41,2024-10-24 14:58:41,24,35
5214,2024-10-24 14:58:41,2024-10-24 14:58:41,66,35
5215,2024-10-24 14:58:41,2024-10-24 14:58:41,18,35
5216,2024-10-24 14:58:41,2024-10-24 14:58:41,78,35
5217,2024-10-24 14:58:41,2024-10-24 14:58:41,34,35
5218,2024-10-24 14:58:41,2024-10-24 14:58:41,20,35
5219,2024-10-24 14:58:41,2024-10-24 14:58:41,61,35
5220,2024-10-24 14:58:41,2024-10-24 14:58:41,21,35
5221,2024-10-24 14:58:41,2024-10-24 14:58:41,49,35
5222,2024-10-24 14:58:41,2024-10-24 14:58:41,50,35
5223,2024-10-24 14:58:41,2024-10-24 14:58:41,41,35
5224,2024-10-24 14:58:41,2024-10-24 14:58:41,38,35
5225,2024-10-24 14:58:41,2024-10-24 14:58:41,75,35
5226,2024-10-24 14:58:41,2024-10-24 14:58:41,70,35
5227,2024-10-24 14:58:41,2024-10-24 14:58:41,36,35
5228,2024-10-24 14:58:41,2024-10-24 14:58:41,1,35
5229,2024-10-24 14:58:41,2024-10-24 14:58:41,72,35
5230,2024-10-24 14:58:41,2024-10-24 14:58:41,6,35
5231,2024-10-24 14:58:41,2024-10-24 14:58:41,10,35
5232,2024-10-24 14:58:41,2024-10-24 14:58:41,44,35
5233,2024-10-24 14:58:41,2024-10-24 14:58:41,74,35
5234,2024-10-24 14:58:41,2024-10-24 14:58:41,8,35
5235,2024-10-24 14:58:41,2024-10-24 14:58:41,37,35
5236,2024-10-24 14:58:41,2024-10-24 14:58:41,12,35
5237,2024-10-24 14:58:41,2024-10-24 14:58:41,81,35
5238,2024-10-24 14:58:41,2024-10-24 14:58:41,69,35
5239,2024-10-24 14:58:41,2024-10-24 14:58:41,15,35
5240,2024-10-24 14:58:41,2024-10-24 14:58:41,46,35
5241,2024-10-24 14:58:41,2024-10-24 14:58:41,77,35
5242,2024-10-24 14:58:41,2024-10-24 14:58:41,23,35
5243,2024-10-24 14:58:41,2024-10-24 14:58:41,33,35
5244,2024-10-24 14:58:41,2024-10-24 14:58:41,29,35
5245,2024-10-24 14:58:41,2024-10-24 14:58:41,42,35
5246,2024-10-24 14:58:41,2024-10-24 14:58:41,47,35
5247,2024-10-24 14:58:41,2024-10-24 14:58:41,4,35
5248,2024-10-24 14:58:41,2024-10-24 14:58:41,31,35
5249,2024-10-24 14:58:41,2024-10-24 14:58:41,60,35
5250,2024-10-24 14:58:41,2024-10-24 14:58:41,52,35
5251,2024-10-24 14:59:22,2024-10-24 14:59:22,40,36
5252,2024-10-24 14:59:22,2024-10-24 14:59:22,2,36
5253,2024-10-24 14:59:22,2024-10-24 14:59:22,14,36
5254,2024-10-24 14:59:22,2024-10-24 14:59:22,13,36
5255,2024-10-24 14:59:22,2024-10-24 14:59:22,53,36
5256,2024-10-24 14:59:22,2024-10-24 14:59:22,64,36
5257,2024-10-24 14:59:22,2024-10-24 14:59:22,11,36
5258,2024-10-24 14:59:22,2024-10-24 14:59:22,73,36
5259,2024-10-24 14:59:22,2024-10-24 14:59:22,62,36
5260,2024-10-24 14:59:22,2024-10-24 14:59:22,35,36
5261,2024-10-24 14:59:22,2024-10-24 14:59:22,71,36
5262,2024-10-24 14:59:22,2024-10-24 14:59:22,43,36
5263,2024-10-24 14:59:22,2024-10-24 14:59:22,27,36
5264,2024-10-24 14:59:22,2024-10-24 14:59:22,79,36
5265,2024-10-24 14:59:22,2024-10-24 14:59:22,51,36
5266,2024-10-24 14:59:22,2024-10-24 14:59:22,32,36
5267,2024-10-24 14:59:22,2024-10-24 14:59:22,7,36
5268,2024-10-24 14:59:22,2024-10-24 14:59:22,55,36
5269,2024-10-24 14:59:22,2024-10-24 14:59:22,80,36
5270,2024-10-24 14:59:22,2024-10-24 14:59:22,65,36
5271,2024-10-24 14:59:22,2024-10-24 14:59:22,57,36
5272,2024-10-24 14:59:22,2024-10-24 14:59:22,54,36
5273,2024-10-24 14:59:22,2024-10-24 14:59:22,76,36
5274,2024-10-24 14:59:22,2024-10-24 14:59:22,68,36
5275,2024-10-24 14:59:22,2024-10-24 14:59:22,25,36
5276,2024-10-24 14:59:22,2024-10-24 14:59:22,24,36
5277,2024-10-24 14:59:22,2024-10-24 14:59:22,66,36
5278,2024-10-24 14:59:22,2024-10-24 14:59:22,18,36
5279,2024-10-24 14:59:22,2024-10-24 14:59:22,78,36
5280,2024-10-24 14:59:22,2024-10-24 14:59:22,34,36
5281,2024-10-24 14:59:22,2024-10-24 14:59:22,20,36
5282,2024-10-24 14:59:22,2024-10-24 14:59:22,61,36
5283,2024-10-24 14:59:22,2024-10-24 14:59:22,21,36
5284,2024-10-24 14:59:22,2024-10-24 14:59:22,49,36
5285,2024-10-24 14:59:22,2024-10-24 14:59:22,50,36
5286,2024-10-24 14:59:22,2024-10-24 14:59:22,41,36
5287,2024-10-24 14:59:22,2024-10-24 14:59:22,38,36
5288,2024-10-24 14:59:22,2024-10-24 14:59:22,75,36
5289,2024-10-24 14:59:22,2024-10-24 14:59:22,70,36
5290,2024-10-24 14:59:22,2024-10-24 14:59:22,36,36
5291,2024-10-24 14:59:22,2024-10-24 14:59:22,1,36
5292,2024-10-24 14:59:22,2024-10-24 14:59:22,72,36
5293,2024-10-24 14:59:22,2024-10-24 14:59:22,6,36
5294,2024-10-24 14:59:22,2024-10-24 14:59:22,10,36
5295,2024-10-24 14:59:22,2024-10-24 14:59:22,44,36
5296,2024-10-24 14:59:22,2024-10-24 14:59:22,74,36
5297,2024-10-24 14:59:22,2024-10-24 14:59:22,8,36
5298,2024-10-24 14:59:22,2024-10-24 14:59:22,37,36
5299,2024-10-24 14:59:22,2024-10-24 14:59:22,12,36
5300,2024-10-24 14:59:22,2024-10-24 14:59:22,81,36
5301,2024-10-24 14:59:22,2024-10-24 14:59:22,69,36
5302,2024-10-24 14:59:22,2024-10-24 14:59:22,15,36
5303,2024-10-24 14:59:22,2024-10-24 14:59:22,46,36
5304,2024-10-24 14:59:22,2024-10-24 14:59:22,77,36
5305,2024-10-24 14:59:22,2024-10-24 14:59:22,23,36
5306,2024-10-24 14:59:22,2024-10-24 14:59:22,33,36
5307,2024-10-24 14:59:22,2024-10-24 14:59:22,29,36
5308,2024-10-24 14:59:22,2024-10-24 14:59:22,42,36
5309,2024-10-24 14:59:22,2024-10-24 14:59:22,47,36
5310,2024-10-24 14:59:22,2024-10-24 14:59:22,4,36
5311,2024-10-24 14:59:22,2024-10-24 14:59:22,31,36
5312,2024-10-24 14:59:22,2024-10-24 14:59:22,60,36
5313,2024-10-24 14:59:22,2024-10-24 14:59:22,52,36
5314,2024-10-24 14:59:33,2024-10-24 14:59:33,40,37
5315,2024-10-24 14:59:33,2024-10-24 14:59:33,2,37
5316,2024-10-24 14:59:33,2024-10-24 14:59:33,14,37
5317,2024-10-24 14:59:33,2024-10-24 14:59:33,13,37
5318,2024-10-24 14:59:33,2024-10-24 14:59:33,53,37
5319,2024-10-24 14:59:33,2024-10-24 14:59:33,64,37
5320,2024-10-24 14:59:33,2024-10-24 14:59:33,11,37
5321,2024-10-24 14:59:33,2024-10-24 14:59:33,73,37
5322,2024-10-24 14:59:33,2024-10-24 14:59:33,62,37
5323,2024-10-24 14:59:33,2024-10-24 14:59:33,35,37
5324,2024-10-24 14:59:33,2024-10-24 14:59:33,71,37
5325,2024-10-24 14:59:33,2024-10-24 14:59:33,43,37
5326,2024-10-24 14:59:33,2024-10-24 14:59:33,27,37
5327,2024-10-24 14:59:33,2024-10-24 14:59:33,79,37
5328,2024-10-24 14:59:33,2024-10-24 14:59:33,51,37
5329,2024-10-24 14:59:33,2024-10-24 14:59:33,32,37
5330,2024-10-24 14:59:33,2024-10-24 14:59:33,7,37
5331,2024-10-24 14:59:33,2024-10-24 14:59:33,55,37
5332,2024-10-24 14:59:33,2024-10-24 14:59:33,80,37
5333,2024-10-24 14:59:33,2024-10-24 14:59:33,65,37
5334,2024-10-24 14:59:33,2024-10-24 14:59:33,57,37
5335,2024-10-24 14:59:33,2024-10-24 14:59:33,54,37
5336,2024-10-24 14:59:33,2024-10-24 14:59:33,76,37
5337,2024-10-24 14:59:33,2024-10-24 14:59:33,68,37
5338,2024-10-24 14:59:33,2024-10-24 14:59:33,25,37
5339,2024-10-24 14:59:33,2024-10-24 14:59:33,24,37
5340,2024-10-24 14:59:33,2024-10-24 14:59:33,66,37
5341,2024-10-24 14:59:33,2024-10-24 14:59:33,18,37
5342,2024-10-24 14:59:33,2024-10-24 14:59:33,78,37
5343,2024-10-24 14:59:33,2024-10-24 14:59:33,34,37
5344,2024-10-24 14:59:33,2024-10-24 14:59:33,20,37
5345,2024-10-24 14:59:33,2024-10-24 14:59:33,61,37
5346,2024-10-24 14:59:33,2024-10-24 14:59:33,21,37
5347,2024-10-24 14:59:33,2024-10-24 14:59:33,49,37
5348,2024-10-24 14:59:33,2024-10-24 14:59:33,50,37
5349,2024-10-24 14:59:33,2024-10-24 14:59:33,41,37
5350,2024-10-24 14:59:33,2024-10-24 14:59:33,38,37
5351,2024-10-24 14:59:33,2024-10-24 14:59:33,75,37
5352,2024-10-24 14:59:33,2024-10-24 14:59:33,70,37
5353,2024-10-24 14:59:33,2024-10-24 14:59:33,36,37
5354,2024-10-24 14:59:33,2024-10-24 14:59:33,1,37
5355,2024-10-24 14:59:33,2024-10-24 14:59:33,72,37
5356,2024-10-24 14:59:33,2024-10-24 14:59:33,6,37
5357,2024-10-24 14:59:33,2024-10-24 14:59:33,10,37
5358,2024-10-24 14:59:33,2024-10-24 14:59:33,44,37
5359,2024-10-24 14:59:33,2024-10-24 14:59:33,74,37
5360,2024-10-24 14:59:33,2024-10-24 14:59:33,8,37
5361,2024-10-24 14:59:33,2024-10-24 14:59:33,37,37
5362,2024-10-24 14:59:33,2024-10-24 14:59:33,12,37
5363,2024-10-24 14:59:33,2024-10-24 14:59:33,81,37
5364,2024-10-24 14:59:33,2024-10-24 14:59:33,69,37
5365,2024-10-24 14:59:33,2024-10-24 14:59:33,15,37
5366,2024-10-24 14:59:33,2024-10-24 14:59:33,46,37
5367,2024-10-24 14:59:33,2024-10-24 14:59:33,77,37
5368,2024-10-24 14:59:33,2024-10-24 14:59:33,23,37
5369,2024-10-24 14:59:33,2024-10-24 14:59:33,33,37
5370,2024-10-24 14:59:33,2024-10-24 14:59:33,29,37
5371,2024-10-24 14:59:33,2024-10-24 14:59:33,42,37
5372,2024-10-24 14:59:33,2024-10-24 14:59:33,47,37
5373,2024-10-24 14:59:33,2024-10-24 14:59:33,4,37
5374,2024-10-24 14:59:33,2024-10-24 14:59:33,31,37
5375,2024-10-24 14:59:33,2024-10-24 14:59:33,60,37
5376,2024-10-24 14:59:33,2024-10-24 14:59:33,52,37
5377,2024-10-24 14:59:43,2024-10-24 14:59:43,40,38
5378,2024-10-24 14:59:43,2024-10-24 14:59:43,2,38
5379,2024-10-24 14:59:43,2024-10-24 14:59:43,14,38
5380,2024-10-24 14:59:43,2024-10-24 14:59:43,13,38
5381,2024-10-24 14:59:43,2024-10-24 14:59:43,53,38
5382,2024-10-24 14:59:43,2024-10-24 14:59:43,64,38
5383,2024-10-24 14:59:43,2024-10-24 14:59:43,11,38
5384,2024-10-24 14:59:43,2024-10-24 14:59:43,73,38
5385,2024-10-24 14:59:43,2024-10-24 14:59:43,62,38
5386,2024-10-24 14:59:43,2024-10-24 14:59:43,35,38
5387,2024-10-24 14:59:43,2024-10-24 14:59:43,71,38
5388,2024-10-24 14:59:43,2024-10-24 14:59:43,43,38
5389,2024-10-24 14:59:43,2024-10-24 14:59:43,27,38
5390,2024-10-24 14:59:43,2024-10-24 14:59:43,79,38
5391,2024-10-24 14:59:43,2024-10-24 14:59:43,51,38
5392,2024-10-24 14:59:43,2024-10-24 14:59:43,32,38
5393,2024-10-24 14:59:43,2024-10-24 14:59:43,7,38
5394,2024-10-24 14:59:43,2024-10-24 14:59:43,55,38
5395,2024-10-24 14:59:43,2024-10-24 14:59:43,80,38
5396,2024-10-24 14:59:43,2024-10-24 14:59:43,65,38
5397,2024-10-24 14:59:43,2024-10-24 14:59:43,57,38
5398,2024-10-24 14:59:43,2024-10-24 14:59:43,54,38
5399,2024-10-24 14:59:43,2024-10-24 14:59:43,76,38
5400,2024-10-24 14:59:43,2024-10-24 14:59:43,68,38
5401,2024-10-24 14:59:43,2024-10-24 14:59:43,25,38
5402,2024-10-24 14:59:43,2024-10-24 14:59:43,24,38
5403,2024-10-24 14:59:43,2024-10-24 14:59:43,66,38
5404,2024-10-24 14:59:43,2024-10-24 14:59:43,18,38
5405,2024-10-24 14:59:43,2024-10-24 14:59:43,78,38
5406,2024-10-24 14:59:43,2024-10-24 14:59:43,34,38
5407,2024-10-24 14:59:43,2024-10-24 14:59:43,20,38
5408,2024-10-24 14:59:43,2024-10-24 14:59:43,61,38
5409,2024-10-24 14:59:43,2024-10-24 14:59:43,21,38
5410,2024-10-24 14:59:43,2024-10-24 14:59:43,49,38
5411,2024-10-24 14:59:43,2024-10-24 14:59:43,50,38
5412,2024-10-24 14:59:43,2024-10-24 14:59:43,41,38
5413,2024-10-24 14:59:43,2024-10-24 14:59:43,38,38
5414,2024-10-24 14:59:43,2024-10-24 14:59:43,75,38
5415,2024-10-24 14:59:43,2024-10-24 14:59:43,70,38
5416,2024-10-24 14:59:43,2024-10-24 14:59:43,36,38
5417,2024-10-24 14:59:43,2024-10-24 14:59:43,1,38
5418,2024-10-24 14:59:43,2024-10-24 14:59:43,72,38
5419,2024-10-24 14:59:43,2024-10-24 14:59:43,6,38
5420,2024-10-24 14:59:43,2024-10-24 14:59:43,10,38
5421,2024-10-24 14:59:43,2024-10-24 14:59:43,44,38
5422,2024-10-24 14:59:43,2024-10-24 14:59:43,74,38
5423,2024-10-24 14:59:43,2024-10-24 14:59:43,8,38
5424,2024-10-24 14:59:43,2024-10-24 14:59:43,37,38
5425,2024-10-24 14:59:43,2024-10-24 14:59:43,12,38
5426,2024-10-24 14:59:43,2024-10-24 14:59:43,81,38
5427,2024-10-24 14:59:43,2024-10-24 14:59:43,69,38
5428,2024-10-24 14:59:43,2024-10-24 14:59:43,15,38
5429,2024-10-24 14:59:43,2024-10-24 14:59:43,46,38
5430,2024-10-24 14:59:43,2024-10-24 14:59:43,77,38
5431,2024-10-24 14:59:43,2024-10-24 14:59:43,23,38
5432,2024-10-24 14:59:43,2024-10-24 14:59:43,33,38
5433,2024-10-24 14:59:43,2024-10-24 14:59:43,29,38
5434,2024-10-24 14:59:43,2024-10-24 14:59:43,42,38
5435,2024-10-24 14:59:43,2024-10-24 14:59:43,47,38
5436,2024-10-24 14:59:43,2024-10-24 14:59:43,4,38
5437,2024-10-24 14:59:43,2024-10-24 14:59:43,31,38
5438,2024-10-24 14:59:43,2024-10-24 14:59:43,60,38
5439,2024-10-24 14:59:43,2024-10-24 14:59:43,52,38
5440,2024-10-24 14:59:53,2024-10-24 14:59:53,40,39
5441,2024-10-24 14:59:53,2024-10-24 14:59:53,2,39
5442,2024-10-24 14:59:53,2024-10-24 14:59:53,14,39
5443,2024-10-24 14:59:53,2024-10-24 14:59:53,13,39
5444,2024-10-24 14:59:53,2024-10-24 14:59:53,53,39
5445,2024-10-24 14:59:53,2024-10-24 14:59:53,64,39
5446,2024-10-24 14:59:53,2024-10-24 14:59:53,11,39
5447,2024-10-24 14:59:53,2024-10-24 14:59:53,73,39
5448,2024-10-24 14:59:53,2024-10-24 14:59:53,62,39
5449,2024-10-24 14:59:53,2024-10-24 14:59:53,35,39
5450,2024-10-24 14:59:53,2024-10-24 14:59:53,71,39
5451,2024-10-24 14:59:53,2024-10-24 14:59:53,43,39
5452,2024-10-24 14:59:53,2024-10-24 14:59:53,27,39
5453,2024-10-24 14:59:53,2024-10-24 14:59:53,79,39
5454,2024-10-24 14:59:53,2024-10-24 14:59:53,51,39
5455,2024-10-24 14:59:53,2024-10-24 14:59:53,32,39
5456,2024-10-24 14:59:53,2024-10-24 14:59:53,7,39
5457,2024-10-24 14:59:53,2024-10-24 14:59:53,55,39
5458,2024-10-24 14:59:53,2024-10-24 14:59:53,80,39
5459,2024-10-24 14:59:53,2024-10-24 14:59:53,65,39
5460,2024-10-24 14:59:53,2024-10-24 14:59:53,57,39
5461,2024-10-24 14:59:53,2024-10-24 14:59:53,54,39
5462,2024-10-24 14:59:53,2024-10-24 14:59:53,76,39
5463,2024-10-24 14:59:53,2024-10-24 14:59:53,68,39
5464,2024-10-24 14:59:53,2024-10-24 14:59:53,25,39
5465,2024-10-24 14:59:53,2024-10-24 14:59:53,24,39
5466,2024-10-24 14:59:53,2024-10-24 14:59:53,66,39
5467,2024-10-24 14:59:53,2024-10-24 14:59:53,18,39
5468,2024-10-24 14:59:53,2024-10-24 14:59:53,78,39
5469,2024-10-24 14:59:53,2024-10-24 14:59:53,34,39
5470,2024-10-24 14:59:53,2024-10-24 14:59:53,20,39
5471,2024-10-24 14:59:53,2024-10-24 14:59:53,61,39
5472,2024-10-24 14:59:53,2024-10-24 14:59:53,21,39
5473,2024-10-24 14:59:53,2024-10-24 14:59:53,49,39
5474,2024-10-24 14:59:53,2024-10-24 14:59:53,50,39
5475,2024-10-24 14:59:53,2024-10-24 14:59:53,41,39
5476,2024-10-24 14:59:53,2024-10-24 14:59:53,38,39
5477,2024-10-24 14:59:53,2024-10-24 14:59:53,75,39
5478,2024-10-24 14:59:53,2024-10-24 14:59:53,70,39
5479,2024-10-24 14:59:53,2024-10-24 14:59:53,36,39
5480,2024-10-24 14:59:53,2024-10-24 14:59:53,1,39
5481,2024-10-24 14:59:53,2024-10-24 14:59:53,72,39
5482,2024-10-24 14:59:53,2024-10-24 14:59:53,6,39
5483,2024-10-24 14:59:53,2024-10-24 14:59:53,10,39
5484,2024-10-24 14:59:53,2024-10-24 14:59:53,44,39
5485,2024-10-24 14:59:53,2024-10-24 14:59:53,74,39
5486,2024-10-24 14:59:53,2024-10-24 14:59:53,8,39
5487,2024-10-24 14:59:53,2024-10-24 14:59:53,37,39
5488,2024-10-24 14:59:53,2024-10-24 14:59:53,12,39
5489,2024-10-24 14:59:53,2024-10-24 14:59:53,81,39
5490,2024-10-24 14:59:53,2024-10-24 14:59:53,69,39
5491,2024-10-24 14:59:53,2024-10-24 14:59:53,15,39
5492,2024-10-24 14:59:53,2024-10-24 14:59:53,46,39
5493,2024-10-24 14:59:53,2024-10-24 14:59:53,77,39
5494,2024-10-24 14:59:53,2024-10-24 14:59:53,23,39
5495,2024-10-24 14:59:53,2024-10-24 14:59:53,33,39
5496,2024-10-24 14:59:53,2024-10-24 14:59:53,29,39
5497,2024-10-24 14:59:53,2024-10-24 14:59:53,42,39
5498,2024-10-24 14:59:53,2024-10-24 14:59:53,47,39
5499,2024-10-24 14:59:53,2024-10-24 14:59:53,4,39
5500,2024-10-24 14:59:53,2024-10-24 14:59:53,31,39
5501,2024-10-24 14:59:53,2024-10-24 14:59:53,60,39
5502,2024-10-24 14:59:53,2024-10-24 14:59:53,52,39
5503,2024-10-24 14:59:59,2024-10-24 14:59:59,40,40
5504,2024-10-24 14:59:59,2024-10-24 14:59:59,2,40
5505,2024-10-24 14:59:59,2024-10-24 14:59:59,14,40
5506,2024-10-24 14:59:59,2024-10-24 14:59:59,13,40
5507,2024-10-24 14:59:59,2024-10-24 14:59:59,53,40
5508,2024-10-24 14:59:59,2024-10-24 14:59:59,64,40
5509,2024-10-24 14:59:59,2024-10-24 14:59:59,11,40
5510,2024-10-24 14:59:59,2024-10-24 14:59:59,73,40
5511,2024-10-24 14:59:59,2024-10-24 14:59:59,62,40
5512,2024-10-24 14:59:59,2024-10-24 14:59:59,35,40
5513,2024-10-24 14:59:59,2024-10-24 14:59:59,71,40
5514,2024-10-24 14:59:59,2024-10-24 14:59:59,43,40
5515,2024-10-24 14:59:59,2024-10-24 14:59:59,27,40
5516,2024-10-24 14:59:59,2024-10-24 14:59:59,79,40
5517,2024-10-24 14:59:59,2024-10-24 14:59:59,51,40
5518,2024-10-24 14:59:59,2024-10-24 14:59:59,32,40
5519,2024-10-24 14:59:59,2024-10-24 14:59:59,7,40
5520,2024-10-24 14:59:59,2024-10-24 14:59:59,55,40
5521,2024-10-24 14:59:59,2024-10-24 14:59:59,80,40
5522,2024-10-24 14:59:59,2024-10-24 14:59:59,65,40
5523,2024-10-24 14:59:59,2024-10-24 14:59:59,57,40
5524,2024-10-24 14:59:59,2024-10-24 14:59:59,54,40
5525,2024-10-24 14:59:59,2024-10-24 14:59:59,76,40
5526,2024-10-24 14:59:59,2024-10-24 14:59:59,68,40
5527,2024-10-24 14:59:59,2024-10-24 14:59:59,25,40
5528,2024-10-24 14:59:59,2024-10-24 14:59:59,24,40
5529,2024-10-24 14:59:59,2024-10-24 14:59:59,66,40
5530,2024-10-24 14:59:59,2024-10-24 14:59:59,18,40
5531,2024-10-24 14:59:59,2024-10-24 14:59:59,78,40
5532,2024-10-24 14:59:59,2024-10-24 14:59:59,34,40
5533,2024-10-24 14:59:59,2024-10-24 14:59:59,20,40
5534,2024-10-24 14:59:59,2024-10-24 14:59:59,61,40
5535,2024-10-24 14:59:59,2024-10-24 14:59:59,21,40
5536,2024-10-24 14:59:59,2024-10-24 14:59:59,49,40
5537,2024-10-24 14:59:59,2024-10-24 14:59:59,50,40
5538,2024-10-24 14:59:59,2024-10-24 14:59:59,41,40
5539,2024-10-24 14:59:59,2024-10-24 14:59:59,38,40
5540,2024-10-24 14:59:59,2024-10-24 14:59:59,75,40
5541,2024-10-24 14:59:59,2024-10-24 14:59:59,70,40
5542,2024-10-24 14:59:59,2024-10-24 14:59:59,36,40
5543,2024-10-24 14:59:59,2024-10-24 14:59:59,1,40
5544,2024-10-24 14:59:59,2024-10-24 14:59:59,72,40
5545,2024-10-24 14:59:59,2024-10-24 14:59:59,6,40
5546,2024-10-24 14:59:59,2024-10-24 14:59:59,10,40
5547,2024-10-24 14:59:59,2024-10-24 14:59:59,44,40
5548,2024-10-24 14:59:59,2024-10-24 14:59:59,74,40
5549,2024-10-24 14:59:59,2024-10-24 14:59:59,8,40
5550,2024-10-24 14:59:59,2024-10-24 14:59:59,37,40
5551,2024-10-24 14:59:59,2024-10-24 14:59:59,12,40
5552,2024-10-24 14:59:59,2024-10-24 14:59:59,81,40
5553,2024-10-24 14:59:59,2024-10-24 14:59:59,69,40
5554,2024-10-24 14:59:59,2024-10-24 14:59:59,15,40
5555,2024-10-24 14:59:59,2024-10-24 14:59:59,46,40
5556,2024-10-24 14:59:59,2024-10-24 14:59:59,77,40
5557,2024-10-24 14:59:59,2024-10-24 14:59:59,23,40
5558,2024-10-24 14:59:59,2024-10-24 14:59:59,33,40
5559,2024-10-24 14:59:59,2024-10-24 14:59:59,29,40
5560,2024-10-24 14:59:59,2024-10-24 14:59:59,42,40
5561,2024-10-24 14:59:59,2024-10-24 14:59:59,47,40
5562,2024-10-24 14:59:59,2024-10-24 14:59:59,4,40
5563,2024-10-24 14:59:59,2024-10-24 14:59:59,31,40
5564,2024-10-24 14:59:59,2024-10-24 14:59:59,60,40
5565,2024-10-24 14:59:59,2024-10-24 14:59:59,52,40
5566,2024-10-24 15:00:07,2024-10-24 15:00:07,40,41
5567,2024-10-24 15:00:07,2024-10-24 15:00:07,2,41
5568,2024-10-24 15:00:07,2024-10-24 15:00:07,14,41
5569,2024-10-24 15:00:07,2024-10-24 15:00:07,13,41
5570,2024-10-24 15:00:07,2024-10-24 15:00:07,53,41
5571,2024-10-24 15:00:07,2024-10-24 15:00:07,64,41
5572,2024-10-24 15:00:07,2024-10-24 15:00:07,11,41
5573,2024-10-24 15:00:07,2024-10-24 15:00:07,73,41
5574,2024-10-24 15:00:07,2024-10-24 15:00:07,62,41
5575,2024-10-24 15:00:07,2024-10-24 15:00:07,35,41
5576,2024-10-24 15:00:07,2024-10-24 15:00:07,71,41
5577,2024-10-24 15:00:07,2024-10-24 15:00:07,43,41
5578,2024-10-24 15:00:07,2024-10-24 15:00:07,27,41
5579,2024-10-24 15:00:07,2024-10-24 15:00:07,79,41
5580,2024-10-24 15:00:07,2024-10-24 15:00:07,51,41
5581,2024-10-24 15:00:07,2024-10-24 15:00:07,32,41
5582,2024-10-24 15:00:07,2024-10-24 15:00:07,7,41
5583,2024-10-24 15:00:07,2024-10-24 15:00:07,55,41
5584,2024-10-24 15:00:07,2024-10-24 15:00:07,80,41
5585,2024-10-24 15:00:07,2024-10-24 15:00:07,65,41
5586,2024-10-24 15:00:07,2024-10-24 15:00:07,57,41
5587,2024-10-24 15:00:07,2024-10-24 15:00:07,54,41
5588,2024-10-24 15:00:07,2024-10-24 15:00:07,76,41
5589,2024-10-24 15:00:07,2024-10-24 15:00:07,68,41
5590,2024-10-24 15:00:07,2024-10-24 15:00:07,25,41
5591,2024-10-24 15:00:07,2024-10-24 15:00:07,24,41
5592,2024-10-24 15:00:07,2024-10-24 15:00:07,66,41
5593,2024-10-24 15:00:07,2024-10-24 15:00:07,18,41
5594,2024-10-24 15:00:07,2024-10-24 15:00:07,78,41
5595,2024-10-24 15:00:07,2024-10-24 15:00:07,34,41
5596,2024-10-24 15:00:07,2024-10-24 15:00:07,20,41
5597,2024-10-24 15:00:07,2024-10-24 15:00:07,61,41
5598,2024-10-24 15:00:07,2024-10-24 15:00:07,21,41
5599,2024-10-24 15:00:07,2024-10-24 15:00:07,49,41
5600,2024-10-24 15:00:07,2024-10-24 15:00:07,50,41
5601,2024-10-24 15:00:07,2024-10-24 15:00:07,41,41
5602,2024-10-24 15:00:07,2024-10-24 15:00:07,38,41
5603,2024-10-24 15:00:07,2024-10-24 15:00:07,75,41
5604,2024-10-24 15:00:07,2024-10-24 15:00:07,70,41
5605,2024-10-24 15:00:07,2024-10-24 15:00:07,36,41
5606,2024-10-24 15:00:07,2024-10-24 15:00:07,1,41
5607,2024-10-24 15:00:07,2024-10-24 15:00:07,72,41
5608,2024-10-24 15:00:07,2024-10-24 15:00:07,6,41
5609,2024-10-24 15:00:07,2024-10-24 15:00:07,10,41
5610,2024-10-24 15:00:07,2024-10-24 15:00:07,44,41
5611,2024-10-24 15:00:07,2024-10-24 15:00:07,74,41
5612,2024-10-24 15:00:07,2024-10-24 15:00:07,8,41
5613,2024-10-24 15:00:07,2024-10-24 15:00:07,37,41
5614,2024-10-24 15:00:07,2024-10-24 15:00:07,12,41
5615,2024-10-24 15:00:07,2024-10-24 15:00:07,81,41
5616,2024-10-24 15:00:07,2024-10-24 15:00:07,69,41
5617,2024-10-24 15:00:07,2024-10-24 15:00:07,15,41
5618,2024-10-24 15:00:07,2024-10-24 15:00:07,46,41
5619,2024-10-24 15:00:07,2024-10-24 15:00:07,77,41
5620,2024-10-24 15:00:07,2024-10-24 15:00:07,23,41
5621,2024-10-24 15:00:07,2024-10-24 15:00:07,33,41
5622,2024-10-24 15:00:07,2024-10-24 15:00:07,29,41
5623,2024-10-24 15:00:07,2024-10-24 15:00:07,42,41
5624,2024-10-24 15:00:07,2024-10-24 15:00:07,47,41
5625,2024-10-24 15:00:07,2024-10-24 15:00:07,4,41
5626,2024-10-24 15:00:07,2024-10-24 15:00:07,31,41
5627,2024-10-24 15:00:07,2024-10-24 15:00:07,60,41
5628,2024-10-24 15:00:07,2024-10-24 15:00:07,52,41
5629,2024-10-24 15:00:21,2024-10-24 15:00:21,40,42
5630,2024-10-24 15:00:21,2024-10-24 15:00:21,2,42
5631,2024-10-24 15:00:21,2024-10-24 15:00:21,14,42
5632,2024-10-24 15:00:21,2024-10-24 15:00:21,13,42
5633,2024-10-24 15:00:21,2024-10-24 15:00:21,53,42
5634,2024-10-24 15:00:21,2024-10-24 15:00:21,64,42
5635,2024-10-24 15:00:21,2024-10-24 15:00:21,11,42
5636,2024-10-24 15:00:21,2024-10-24 15:00:21,73,42
5637,2024-10-24 15:00:21,2024-10-24 15:00:21,62,42
5638,2024-10-24 15:00:21,2024-10-24 15:00:21,35,42
5639,2024-10-24 15:00:21,2024-10-24 15:00:21,71,42
5640,2024-10-24 15:00:21,2024-10-24 15:00:21,43,42
5641,2024-10-24 15:00:21,2024-10-24 15:00:21,27,42
5642,2024-10-24 15:00:21,2024-10-24 15:00:21,79,42
5643,2024-10-24 15:00:21,2024-10-24 15:00:21,51,42
5644,2024-10-24 15:00:21,2024-10-24 15:00:21,32,42
5645,2024-10-24 15:00:21,2024-10-24 15:00:21,7,42
5646,2024-10-24 15:00:21,2024-10-24 15:00:21,55,42
5647,2024-10-24 15:00:21,2024-10-24 15:00:21,80,42
5648,2024-10-24 15:00:21,2024-10-24 15:00:21,65,42
5649,2024-10-24 15:00:21,2024-10-24 15:00:21,57,42
5650,2024-10-24 15:00:21,2024-10-24 15:00:21,54,42
5651,2024-10-24 15:00:21,2024-10-24 15:00:21,76,42
5652,2024-10-24 15:00:21,2024-10-24 15:00:21,68,42
5653,2024-10-24 15:00:21,2024-10-24 15:00:21,25,42
5654,2024-10-24 15:00:21,2024-10-24 15:00:21,24,42
5655,2024-10-24 15:00:21,2024-10-24 15:00:21,66,42
5656,2024-10-24 15:00:21,2024-10-24 15:00:21,18,42
5657,2024-10-24 15:00:21,2024-10-24 15:00:21,78,42
5658,2024-10-24 15:00:21,2024-10-24 15:00:21,34,42
5659,2024-10-24 15:00:21,2024-10-24 15:00:21,20,42
5660,2024-10-24 15:00:21,2024-10-24 15:00:21,61,42
5661,2024-10-24 15:00:21,2024-10-24 15:00:21,21,42
5662,2024-10-24 15:00:21,2024-10-24 15:00:21,49,42
5663,2024-10-24 15:00:21,2024-10-24 15:00:21,50,42
5664,2024-10-24 15:00:21,2024-10-24 15:00:21,41,42
5665,2024-10-24 15:00:21,2024-10-24 15:00:21,38,42
5666,2024-10-24 15:00:21,2024-10-24 15:00:21,75,42
5667,2024-10-24 15:00:21,2024-10-24 15:00:21,70,42
5668,2024-10-24 15:00:21,2024-10-24 15:00:21,36,42
5669,2024-10-24 15:00:21,2024-10-24 15:00:21,1,42
5670,2024-10-24 15:00:21,2024-10-24 15:00:21,72,42
5671,2024-10-24 15:00:21,2024-10-24 15:00:21,6,42
5672,2024-10-24 15:00:21,2024-10-24 15:00:21,10,42
5673,2024-10-24 15:00:21,2024-10-24 15:00:21,44,42
5674,2024-10-24 15:00:21,2024-10-24 15:00:21,74,42
5675,2024-10-24 15:00:21,2024-10-24 15:00:21,8,42
5676,2024-10-24 15:00:21,2024-10-24 15:00:21,37,42
5677,2024-10-24 15:00:21,2024-10-24 15:00:21,12,42
5678,2024-10-24 15:00:21,2024-10-24 15:00:21,81,42
5679,2024-10-24 15:00:21,2024-10-24 15:00:21,69,42
5680,2024-10-24 15:00:21,2024-10-24 15:00:21,15,42
5681,2024-10-24 15:00:21,2024-10-24 15:00:21,46,42
5682,2024-10-24 15:00:21,2024-10-24 15:00:21,77,42
5683,2024-10-24 15:00:21,2024-10-24 15:00:21,23,42
5684,2024-10-24 15:00:21,2024-10-24 15:00:21,33,42
5685,2024-10-24 15:00:21,2024-10-24 15:00:21,29,42
5686,2024-10-24 15:00:21,2024-10-24 15:00:21,42,42
5687,2024-10-24 15:00:21,2024-10-24 15:00:21,47,42
5688,2024-10-24 15:00:21,2024-10-24 15:00:21,4,42
5689,2024-10-24 15:00:21,2024-10-24 15:00:21,31,42
5690,2024-10-24 15:00:21,2024-10-24 15:00:21,60,42
5691,2024-10-24 15:00:21,2024-10-24 15:00:21,52,42
5692,2024-10-24 16:16:22,2024-10-24 16:16:22,40,8
5693,2024-10-24 16:16:22,2024-10-24 16:16:22,2,8
5694,2024-10-24 16:16:22,2024-10-24 16:16:22,14,8
5695,2024-10-24 16:16:22,2024-10-24 16:16:22,13,8
5696,2024-10-24 16:16:22,2024-10-24 16:16:22,53,8
5697,2024-10-24 16:16:22,2024-10-24 16:16:22,64,8
5698,2024-10-24 16:16:22,2024-10-24 16:16:22,11,8
5699,2024-10-24 16:16:22,2024-10-24 16:16:22,73,8
5700,2024-10-24 16:16:22,2024-10-24 16:16:22,62,8
5701,2024-10-24 16:16:22,2024-10-24 16:16:22,35,8
5702,2024-10-24 16:16:22,2024-10-24 16:16:22,71,8
5703,2024-10-24 16:16:22,2024-10-24 16:16:22,43,8
5704,2024-10-24 16:16:22,2024-10-24 16:16:22,27,8
5705,2024-10-24 16:16:22,2024-10-24 16:16:22,79,8
5706,2024-10-24 16:16:22,2024-10-24 16:16:22,51,8
5707,2024-10-24 16:16:22,2024-10-24 16:16:22,32,8
5708,2024-10-24 16:16:22,2024-10-24 16:16:22,7,8
5709,2024-10-24 16:16:22,2024-10-24 16:16:22,55,8
5710,2024-10-24 16:16:22,2024-10-24 16:16:22,80,8
5711,2024-10-24 16:16:22,2024-10-24 16:16:22,65,8
5712,2024-10-24 16:16:22,2024-10-24 16:16:22,57,8
5713,2024-10-24 16:16:22,2024-10-24 16:16:22,54,8
5714,2024-10-24 16:16:22,2024-10-24 16:16:22,76,8
5715,2024-10-24 16:16:22,2024-10-24 16:16:22,68,8
5716,2024-10-24 16:16:22,2024-10-24 16:16:22,25,8
5717,2024-10-24 16:16:22,2024-10-24 16:16:22,24,8
5718,2024-10-24 16:16:22,2024-10-24 16:16:22,66,8
5719,2024-10-24 16:16:22,2024-10-24 16:16:22,18,8
5720,2024-10-24 16:16:22,2024-10-24 16:16:22,78,8
5721,2024-10-24 16:16:22,2024-10-24 16:16:22,34,8
5722,2024-10-24 16:16:22,2024-10-24 16:16:22,20,8
5723,2024-10-24 16:16:22,2024-10-24 16:16:22,61,8
5724,2024-10-24 16:16:22,2024-10-24 16:16:22,21,8
5725,2024-10-24 16:16:22,2024-10-24 16:16:22,49,8
5726,2024-10-24 16:16:22,2024-10-24 16:16:22,50,8
5727,2024-10-24 16:16:22,2024-10-24 16:16:22,41,8
5728,2024-10-24 16:16:22,2024-10-24 16:16:22,38,8
5729,2024-10-24 16:16:22,2024-10-24 16:16:22,75,8
5730,2024-10-24 16:16:22,2024-10-24 16:16:22,70,8
5731,2024-10-24 16:16:22,2024-10-24 16:16:22,36,8
5732,2024-10-24 16:16:22,2024-10-24 16:16:22,1,8
5733,2024-10-24 16:16:22,2024-10-24 16:16:22,72,8
5734,2024-10-24 16:16:22,2024-10-24 16:16:22,6,8
5735,2024-10-24 16:16:22,2024-10-24 16:16:22,10,8
5736,2024-10-24 16:16:22,2024-10-24 16:16:22,44,8
5737,2024-10-24 16:16:22,2024-10-24 16:16:22,74,8
5738,2024-10-24 16:16:22,2024-10-24 16:16:22,8,8
5739,2024-10-24 16:16:22,2024-10-24 16:16:22,37,8
5740,2024-10-24 16:16:22,2024-10-24 16:16:22,12,8
5741,2024-10-24 16:16:22,2024-10-24 16:16:22,81,8
5742,2024-10-24 16:16:22,2024-10-24 16:16:22,69,8
5743,2024-10-24 16:16:22,2024-10-24 16:16:22,15,8
5744,2024-10-24 16:16:22,2024-10-24 16:16:22,46,8
5745,2024-10-24 16:16:22,2024-10-24 16:16:22,77,8
5746,2024-10-24 16:16:22,2024-10-24 16:16:22,23,8
5747,2024-10-24 16:16:22,2024-10-24 16:16:22,33,8
5748,2024-10-24 16:16:22,2024-10-24 16:16:22,29,8
5749,2024-10-24 16:16:22,2024-10-24 16:16:22,42,8
5750,2024-10-24 16:16:22,2024-10-24 16:16:22,47,8
5751,2024-10-24 16:16:22,2024-10-24 16:16:22,4,8
5752,2024-10-24 16:16:22,2024-10-24 16:16:22,31,8
5753,2024-10-24 16:16:22,2024-10-24 16:16:22,60,8
5754,2024-10-24 16:16:22,2024-10-24 16:16:22,52,8
5755,2024-10-24 16:16:45,2024-10-24 16:16:45,40,9
5756,2024-10-24 16:16:45,2024-10-24 16:16:45,2,9
5757,2024-10-24 16:16:45,2024-10-24 16:16:45,14,9
5758,2024-10-24 16:16:45,2024-10-24 16:16:45,13,9
5759,2024-10-24 16:16:45,2024-10-24 16:16:45,53,9
5760,2024-10-24 16:16:45,2024-10-24 16:16:45,64,9
5761,2024-10-24 16:16:45,2024-10-24 16:16:45,11,9
5762,2024-10-24 16:16:45,2024-10-24 16:16:45,73,9
5763,2024-10-24 16:16:45,2024-10-24 16:16:45,62,9
5764,2024-10-24 16:16:45,2024-10-24 16:16:45,35,9
5765,2024-10-24 16:16:45,2024-10-24 16:16:45,71,9
5766,2024-10-24 16:16:45,2024-10-24 16:16:45,43,9
5767,2024-10-24 16:16:45,2024-10-24 16:16:45,27,9
5768,2024-10-24 16:16:45,2024-10-24 16:16:45,79,9
5769,2024-10-24 16:16:45,2024-10-24 16:16:45,51,9
5770,2024-10-24 16:16:45,2024-10-24 16:16:45,32,9
5771,2024-10-24 16:16:45,2024-10-24 16:16:45,7,9
5772,2024-10-24 16:16:45,2024-10-24 16:16:45,55,9
5773,2024-10-24 16:16:45,2024-10-24 16:16:45,80,9
5774,2024-10-24 16:16:45,2024-10-24 16:16:45,65,9
5775,2024-10-24 16:16:45,2024-10-24 16:16:45,57,9
5776,2024-10-24 16:16:45,2024-10-24 16:16:45,54,9
5777,2024-10-24 16:16:45,2024-10-24 16:16:45,76,9
5778,2024-10-24 16:16:45,2024-10-24 16:16:45,68,9
5779,2024-10-24 16:16:45,2024-10-24 16:16:45,25,9
5780,2024-10-24 16:16:45,2024-10-24 16:16:45,24,9
5781,2024-10-24 16:16:45,2024-10-24 16:16:45,66,9
5782,2024-10-24 16:16:45,2024-10-24 16:16:45,18,9
5783,2024-10-24 16:16:45,2024-10-24 16:16:45,78,9
5784,2024-10-24 16:16:45,2024-10-24 16:16:45,34,9
5785,2024-10-24 16:16:45,2024-10-24 16:16:45,20,9
5786,2024-10-24 16:16:45,2024-10-24 16:16:45,61,9
5787,2024-10-24 16:16:45,2024-10-24 16:16:45,21,9
5788,2024-10-24 16:16:45,2024-10-24 16:16:45,49,9
5789,2024-10-24 16:16:45,2024-10-24 16:16:45,50,9
5790,2024-10-24 16:16:45,2024-10-24 16:16:45,41,9
5791,2024-10-24 16:16:45,2024-10-24 16:16:45,38,9
5792,2024-10-24 16:16:45,2024-10-24 16:16:45,75,9
5793,2024-10-24 16:16:45,2024-10-24 16:16:45,70,9
5794,2024-10-24 16:16:45,2024-10-24 16:16:45,36,9
5795,2024-10-24 16:16:45,2024-10-24 16:16:45,1,9
5796,2024-10-24 16:16:45,2024-10-24 16:16:45,72,9
5797,2024-10-24 16:16:45,2024-10-24 16:16:45,6,9
5798,2024-10-24 16:16:45,2024-10-24 16:16:45,10,9
5799,2024-10-24 16:16:45,2024-10-24 16:16:45,44,9
5800,2024-10-24 16:16:45,2024-10-24 16:16:45,74,9
5801,2024-10-24 16:16:45,2024-10-24 16:16:45,8,9
5802,2024-10-24 16:16:45,2024-10-24 16:16:45,37,9
5803,2024-10-24 16:16:45,2024-10-24 16:16:45,12,9
5804,2024-10-24 16:16:45,2024-10-24 16:16:45,81,9
5805,2024-10-24 16:16:45,2024-10-24 16:16:45,69,9
5806,2024-10-24 16:16:45,2024-10-24 16:16:45,15,9
5807,2024-10-24 16:16:45,2024-10-24 16:16:45,46,9
5808,2024-10-24 16:16:45,2024-10-24 16:16:45,77,9
5809,2024-10-24 16:16:45,2024-10-24 16:16:45,23,9
5810,2024-10-24 16:16:45,2024-10-24 16:16:45,33,9
5811,2024-10-24 16:16:45,2024-10-24 16:16:45,29,9
5812,2024-10-24 16:16:45,2024-10-24 16:16:45,42,9
5813,2024-10-24 16:16:45,2024-10-24 16:16:45,47,9
5814,2024-10-24 16:16:45,2024-10-24 16:16:45,4,9
5815,2024-10-24 16:16:45,2024-10-24 16:16:45,31,9
5816,2024-10-24 16:16:45,2024-10-24 16:16:45,60,9
5817,2024-10-24 16:16:45,2024-10-24 16:16:45,52,9
5818,2024-10-24 16:18:53,2024-10-24 16:18:53,40,43
5819,2024-10-24 16:18:53,2024-10-24 16:18:53,2,43
5820,2024-10-24 16:18:53,2024-10-24 16:18:53,14,43
5821,2024-10-24 16:18:53,2024-10-24 16:18:53,13,43
5822,2024-10-24 16:18:53,2024-10-24 16:18:53,53,43
5823,2024-10-24 16:18:53,2024-10-24 16:18:53,64,43
5824,2024-10-24 16:18:53,2024-10-24 16:18:53,11,43
5825,2024-10-24 16:18:53,2024-10-24 16:18:53,73,43
5826,2024-10-24 16:18:53,2024-10-24 16:18:53,62,43
5827,2024-10-24 16:18:53,2024-10-24 16:18:53,35,43
5828,2024-10-24 16:18:53,2024-10-24 16:18:53,71,43
5829,2024-10-24 16:18:53,2024-10-24 16:18:53,43,43
5830,2024-10-24 16:18:53,2024-10-24 16:18:53,27,43
5831,2024-10-24 16:18:53,2024-10-24 16:18:53,79,43
5832,2024-10-24 16:18:53,2024-10-24 16:18:53,51,43
5833,2024-10-24 16:18:53,2024-10-24 16:18:53,32,43
5834,2024-10-24 16:18:53,2024-10-24 16:18:53,7,43
5835,2024-10-24 16:18:53,2024-10-24 16:18:53,55,43
5836,2024-10-24 16:18:53,2024-10-24 16:18:53,80,43
5837,2024-10-24 16:18:53,2024-10-24 16:18:53,65,43
5838,2024-10-24 16:18:53,2024-10-24 16:18:53,57,43
5839,2024-10-24 16:18:53,2024-10-24 16:18:53,54,43
5840,2024-10-24 16:18:53,2024-10-24 16:18:53,76,43
5841,2024-10-24 16:18:53,2024-10-24 16:18:53,68,43
5842,2024-10-24 16:18:53,2024-10-24 16:18:53,25,43
5843,2024-10-24 16:18:53,2024-10-24 16:18:53,24,43
5844,2024-10-24 16:18:53,2024-10-24 16:18:53,66,43
5845,2024-10-24 16:18:53,2024-10-24 16:18:53,18,43
5846,2024-10-24 16:18:53,2024-10-24 16:18:53,78,43
5847,2024-10-24 16:18:53,2024-10-24 16:18:53,34,43
5848,2024-10-24 16:18:53,2024-10-24 16:18:53,20,43
5849,2024-10-24 16:18:53,2024-10-24 16:18:53,61,43
5850,2024-10-24 16:18:53,2024-10-24 16:18:53,21,43
5851,2024-10-24 16:18:53,2024-10-24 16:18:53,49,43
5852,2024-10-24 16:18:53,2024-10-24 16:18:53,50,43
5853,2024-10-24 16:18:53,2024-10-24 16:18:53,41,43
5854,2024-10-24 16:18:53,2024-10-24 16:18:53,38,43
5855,2024-10-24 16:18:53,2024-10-24 16:18:53,75,43
5856,2024-10-24 16:18:53,2024-10-24 16:18:53,70,43
5857,2024-10-24 16:18:53,2024-10-24 16:18:53,36,43
5858,2024-10-24 16:18:53,2024-10-24 16:18:53,1,43
5859,2024-10-24 16:18:53,2024-10-24 16:18:53,72,43
5860,2024-10-24 16:18:53,2024-10-24 16:18:53,6,43
5861,2024-10-24 16:18:53,2024-10-24 16:18:53,10,43
5862,2024-10-24 16:18:53,2024-10-24 16:18:53,44,43
5863,2024-10-24 16:18:53,2024-10-24 16:18:53,74,43
5864,2024-10-24 16:18:53,2024-10-24 16:18:53,8,43
5865,2024-10-24 16:18:53,2024-10-24 16:18:53,37,43
5866,2024-10-24 16:18:53,2024-10-24 16:18:53,12,43
5867,2024-10-24 16:18:53,2024-10-24 16:18:53,81,43
5868,2024-10-24 16:18:53,2024-10-24 16:18:53,69,43
5869,2024-10-24 16:18:53,2024-10-24 16:18:53,15,43
5870,2024-10-24 16:18:53,2024-10-24 16:18:53,46,43
5871,2024-10-24 16:18:53,2024-10-24 16:18:53,77,43
5872,2024-10-24 16:18:53,2024-10-24 16:18:53,23,43
5873,2024-10-24 16:18:53,2024-10-24 16:18:53,33,43
5874,2024-10-24 16:18:53,2024-10-24 16:18:53,29,43
5875,2024-10-24 16:18:53,2024-10-24 16:18:53,42,43
5876,2024-10-24 16:18:53,2024-10-24 16:18:53,47,43
5877,2024-10-24 16:18:53,2024-10-24 16:18:53,4,43
5878,2024-10-24 16:18:53,2024-10-24 16:18:53,31,43
5879,2024-10-24 16:18:53,2024-10-24 16:18:53,60,43
5880,2024-10-24 16:18:53,2024-10-24 16:18:53,52,43
5881,2024-11-17 16:03:36,2024-11-17 16:03:36,40,22
5882,2024-11-17 16:03:36,2024-11-17 16:03:36,2,22
5883,2024-11-17 16:03:36,2024-11-17 16:03:36,14,22
5884,2024-11-17 16:03:36,2024-11-17 16:03:36,13,22
5885,2024-11-17 16:03:36,2024-11-17 16:03:36,53,22
5886,2024-11-17 16:03:36,2024-11-17 16:03:36,64,22
5887,2024-11-17 16:03:36,2024-11-17 16:03:36,11,22
5888,2024-11-17 16:03:36,2024-11-17 16:03:36,73,22
5889,2024-11-17 16:03:36,2024-11-17 16:03:36,62,22
5890,2024-11-17 16:03:36,2024-11-17 16:03:36,35,22
5891,2024-11-17 16:03:36,2024-11-17 16:03:36,71,22
5892,2024-11-17 16:03:36,2024-11-17 16:03:36,43,22
5893,2024-11-17 16:03:36,2024-11-17 16:03:36,27,22
5894,2024-11-17 16:03:36,2024-11-17 16:03:36,79,22
5895,2024-11-17 16:03:36,2024-11-17 16:03:36,51,22
5896,2024-11-17 16:03:36,2024-11-17 16:03:36,32,22
5897,2024-11-17 16:03:36,2024-11-17 16:03:36,7,22
5898,2024-11-17 16:03:36,2024-11-17 16:03:36,55,22
5899,2024-11-17 16:03:36,2024-11-17 16:03:36,80,22
5900,2024-11-17 16:03:36,2024-11-17 16:03:36,65,22
5901,2024-11-17 16:03:36,2024-11-17 16:03:36,57,22
5902,2024-11-17 16:03:36,2024-11-17 16:03:36,54,22
5903,2024-11-17 16:03:36,2024-11-17 16:03:36,76,22
5904,2024-11-17 16:03:36,2024-11-17 16:03:36,68,22
5905,2024-11-17 16:03:36,2024-11-17 16:03:36,25,22
5906,2024-11-17 16:03:36,2024-11-17 16:03:36,24,22
5907,2024-11-17 16:03:36,2024-11-17 16:03:36,66,22
5908,2024-11-17 16:03:36,2024-11-17 16:03:36,18,22
5909,2024-11-17 16:03:36,2024-11-17 16:03:36,78,22
5910,2024-11-17 16:03:36,2024-11-17 16:03:36,34,22
5911,2024-11-17 16:03:36,2024-11-17 16:03:36,20,22
5912,2024-11-17 16:03:36,2024-11-17 16:03:36,61,22
5913,2024-11-17 16:03:36,2024-11-17 16:03:36,21,22
5914,2024-11-17 16:03:36,2024-11-17 16:03:36,49,22
5915,2024-11-17 16:03:36,2024-11-17 16:03:36,50,22
5916,2024-11-17 16:03:36,2024-11-17 16:03:36,41,22
5917,2024-11-17 16:03:36,2024-11-17 16:03:36,38,22
5918,2024-11-17 16:03:36,2024-11-17 16:03:36,75,22
5919,2024-11-17 16:03:36,2024-11-17 16:03:36,70,22
5920,2024-11-17 16:03:36,2024-11-17 16:03:36,36,22
5921,2024-11-17 16:03:36,2024-11-17 16:03:36,1,22
5922,2024-11-17 16:03:36,2024-11-17 16:03:36,72,22
5923,2024-11-17 16:03:36,2024-11-17 16:03:36,6,22
5924,2024-11-17 16:03:36,2024-11-17 16:03:36,10,22
5925,2024-11-17 16:03:36,2024-11-17 16:03:36,44,22
5926,2024-11-17 16:03:36,2024-11-17 16:03:36,74,22
5927,2024-11-17 16:03:36,2024-11-17 16:03:36,8,22
5928,2024-11-17 16:03:36,2024-11-17 16:03:36,37,22
5929,2024-11-17 16:03:36,2024-11-17 16:03:36,12,22
5930,2024-11-17 16:03:36,2024-11-17 16:03:36,81,22
5931,2024-11-17 16:03:36,2024-11-17 16:03:36,69,22
5932,2024-11-17 16:03:36,2024-11-17 16:03:36,15,22
5933,2024-11-17 16:03:36,2024-11-17 16:03:36,46,22
5934,2024-11-17 16:03:36,2024-11-17 16:03:36,77,22
5935,2024-11-17 16:03:36,2024-11-17 16:03:36,23,22
5936,2024-11-17 16:03:36,2024-11-17 16:03:36,33,22
5937,2024-11-17 16:03:36,2024-11-17 16:03:36,29,22
5938,2024-11-17 16:03:36,2024-11-17 16:03:36,42,22
5939,2024-11-17 16:03:36,2024-11-17 16:03:36,47,22
5940,2024-11-17 16:03:36,2024-11-17 16:03:36,4,22
5941,2024-11-17 16:03:36,2024-11-17 16:03:36,31,22
5942,2024-11-17 16:03:36,2024-11-17 16:03:36,60,22
5943,2024-11-17 16:03:36,2024-11-17 16:03:36,52,22
